uid,summary
id_2000-AGENDA_1, 음성군 의회 제 235 회 제 1 차 정례회 제 1 차 본회의개의선포.
id_2000-AGENDA_2, 음성군 의회 제 235 회 제 1 차 정례회 회기는 2012 년 6 월 21 일부터 6 월 28 일까지 6 일 간으로 가결됨.
id_2000-AGENDA_3, 제 235 회 제 1 차 정례회 회의록 서명 의원으로 손 달 섭 의원과 이대웅 의원이 선출됨.
id_2000-AGENDA_4," 예산 결산 특별 위원회는 한동완 의원 , 손 수종 의원 , 이한철 의원 , 남궁유 의원 , 조천희 의원 , 손 달 섭 의원 , 김순옥 의원으로 구성함. 특별 위원회는 6 월 21 일 하루 1 일 간 2014 년도 제 1 회 세입 , 한동완 의원 , 손 달 섭 의원 , 손 달 섭 의원 , 한동완 의원 , 김순"
id_2000-AGENDA_5, 환경 관련 현지 확인 특별 위원회는 6 월 21 일부터 3 월 30 일까지 6 일 간 환경 관련 업체 및 관계 공무원의출석을 요구하여 가결됨.
id_2000-AGENDA_6, 주요 사업 현지 확인 특별 위원회 결과 보고의건은 채택하여 가결됨.
id_2001-AGENDA_1, 제 219 회 음성군 의회 임시회 제 1 차 본회의개의선포.
id_2001-AGENDA_2, 제 326 회 음성군 의회 임시회 회기는 4 월 22 일부터 4 월 23 일까지 6 일 간으로 가결됨.
id_2001-AGENDA_3, 제 243 회 임시회 회의록 서명 의원으로 김영섭 부의장과 김영호 의원이 선출됨.
id_2001-AGENDA_4, 2020 년도 제 3 회 세입 세출 추가 경정 예산안 제안 설명.
id_2001-AGENDA_5," 예산 결산 특별 위원회 위원은 안해성 의원 , 서효석 의원 , 서형석 의원 , 김영섭 부의장 , 김영호 의원 , 최용락 의원 , 임 옥순 의원으로 구성함. 특별 위원회는 4 월 22 일부터 4 월 27 일까지 6 일 간 2017 년도 제 1 일 간 2017 년도 제 2 일 간 2017 년도 제 3 일 "
id_2001-AGENDA_6, 음성군 소송 사건 수행 증인 등의실비 변상 조례 폐지 조례 안은 징계 사항을 조사하여 전통 식생활 문화를 구축 또는 또는 부담하고 있어 수탁자 공고 및 선 정심의위원회 구성이 요구하여 본 조례를 개정하고자 하는 내용을 반영하고자 하는 것으로 가결됨.
id_2001-AGENDA_7," 음성군 공용 차량의공익 활동 지원에 관한 조례 일부 개정 조례 안은 급격히 감소로 영업에 따른 피해를 감면하여 이 들의행복 추구 권 자 자를 확산시키고 지역 경제의건강 증진과 지역 경제 활성 화에 기여하고자 제정한 조문을 도모 및 출산을 도모하며 , 해당 안건은 가결"
id_2001-AGENDA_8, 음성군 건축 조례 일부 개정 조례 안은 산림 자원의조성 및 개발과 재 개발을 위해 필요한 것으로 배치하는 것으로 < 충청북도 옥외 광고 물 등 등에 관한 법률 > 개정 사항을 자치 실정에 부합하도록 하는 것으로 개정하는 사무와 건축 일부 개정을 개정하고 안전한 인허가 사항
id_2001-AGENDA_9, 2020 년도 제 2 회 세입 세출 추가경정예산 안 및 기금 운용 계획 변경 안에 대한 제안 설명.
id_2001-AGENDA_10," 국내 육성 벼 품종 이용 수제 맥주 제품의건은 지역과 양질의대소면 대소면 , 판매가 좁을 것으로 추진하고 있는 사례 관리 운영해 줄 것을을을 적극 적으로 참여할 것."
id_2001-AGENDA_11, 4 월 23 일부터 4 월 24 일까지 휴회가 가결됨 . 2 차 본회의는 4 월 24 일 오전 10 시에 개의.
id_2002-AGENDA_1, 제 277 회 음성군 의회 임시회 제 1 차 본회의개의선포.
id_2002-AGENDA_2, 환경 관련 불 합리한 제도 개선에 관한 건의안은 쾌적한 폐기물 처리 시설의균형 적인 배우자에게 사회 복지 시설을 유치하고 고유가 시대 대중교통 활성 화를 활성 화하기 위해 제안됨. 해당 건의문은 채택됨.
id_2002-AGENDA_3, 제 277 회 음성군 의회 임시회 회기는 9 월 12 일 하루로 가결됨.
id_2002-AGENDA_4," 제 277 회 임시회 회의록 서명 의원으로는 우성 수 의원 , 이상정 의원이 선출됨."
id_2002-AGENDA_5," 음성군 지역 사회 복지 협의 체 운영 조례 안은 음성군에 거주하는 노인 들의붕괴 및 읍 , 장애인 생계 및 사회 복지 사업 복지 증진과 농촌 사회 보장을 위해 필요한 사항을 4 인으로 제정함. 해당 안건은 가결됨."
id_2002-AGENDA_6," 음성군 노인 복지 회관 설치 및 운영 조례 안은 건전한 노인 건강 증진 및 사회 복지 증진을 위해 노인의질 향상과 근로 부담을 영위할 수 있도록 하고자 제정하였으며 , 해당 안건은 가결됨."
id_2002-AGENDA_7, 2018 년도 행정 사무 감사 시정 및 건의사항 조치 결과 보고.
id_2002-AGENDA_8," 이상정 의원은 산업 입지 ' 반도체 클러스터 투자 발표 이후 이후 혁신 도시 건설 산업과 양질의일자리 창출을 위해 충북 혁신 도시 건설 조 및 지역 경제 활성 화 차원에서 구상하며 충북 , 혁신 도시 건설 재검토 중 단촉 구결의어려움을 촉구함. 산업으로서 , 해당 건의문은 중소 기업체는 엉터리 행정 풍토 조성하"
id_2002-AGENDA_9," 농정과 소관 2018 년도 행정 사무 감사 시정 , 건의사항 조치 결과 보고."
id_2002-AGENDA_10, 음성군 중증 장애인 등을 위한 토지 매입 및 관리 조례 안은 무분별한 차량을 실현할 수 있도록 관련 사항을 규정하고자 제정함. 해당 안건은 가결됨.
id_2002-AGENDA_11, 음성군 참전 유공자 지원 조례 일부 개정 조례 안은 참전 유공자 및 참전 유공자에 대한 자동차세 감면 조항이 서민에게 보훈 예우 및 지원에 필요한 사항을 제외하고자 제정함. 해당 안건은 가결됨.
id_2002-AGENDA_12, 2018 년도 수 시분 공유 재산 관리 계획안은 심사 결과 보고.
id_2002-AGENDA_13, 음성군 세 감면 조례 중 개정 조례 안은 외국인 투자를 활성 화하는 공공 기관에 대한 세제 지원과 세부 담 개선을 위한 특별법 >의지속 및 지원 근거가 불 합리한 규정을 경감하고자 제정함. 해당 안건은 가결됨.
id_2003-AGENDA_1, 제 137 회 완주군 의회 임시회 제 1 차 본회의개의선포.
id_2003-AGENDA_2, 제 113 회 완주군 의회 임시회 회기는 7 월 1 일부터 7 월 4 일까지 10 일 간으로 가결됨.
id_2003-AGENDA_3," 제 2 대 완주군 의회 행정 사무 감사 특별 위원회 위원으로 윤 수봉 의원 , 유 의식 의원 , 함정구 의원 , 이석환 의원 , 홍의환 의원 , 김영석 의원 , 조정석 의원 , 이진철 의원 , 박용규 의원 , 남대일 의원으로 구성함. 특별 위원회는 2 차 정례회의문제점에 대한 체계 적인 이희창 의원 , 해당 안건은 가결"
id_2003-AGENDA_4, 1 월 7 일부터 2 월 14 일까지 8 일 간 휴회가 가결됨 . 제 2 차 본회의는 2 월 4 일 오전 10 시 개의.
id_2003-AGENDA_5, 제 113 회 완주군 의회 임시회 회의록 서명 의원으로 조정석 의원과 이진철 의원이 선임됨.
id_2004-AGENDA_1," 의장 선거는 총 9 표 중 최관식 의원 5 표 , 홍재선 의원 3 표로 최관식 의원 당선 . 부의장 선거는 총 39 표 중 이덕우 의원이 각각 3 표 , 무효표 3 표로 과반수 득표자가 없었음."
id_2004-AGENDA_2, 이상정 의원은 군민이 일신상의사정으로 사직서를 제출함. 해당 안건은 가결됨.
id_2004-AGENDA_3, 제 152 회 임시회 회의록 서명 의원으로 고재협 의원과 김성채 의원이 선출됨.
id_2004-AGENDA_4, 제 305 회 임시회는 9 월 29 일부터 9 월 14 일까지 8 일 간 휴회가 가결됨.
id_2005-AGENDA_1, 제 129 회 음성군 의회 임시회 제 1 차 본회의개의선포.
id_2005-AGENDA_2, 제 129 회 음성군 의회 임시회 회기는 6 월 5 일부터 6 월 17 일까지 6 일 간으로 가결됨.
id_2005-AGENDA_3, 제 129 회 임시회 회의록 서명 의원으로 정지태 의원과 이한철 의원이 선출됨.
id_2005-AGENDA_4," 제 11 회 세입 및 세출 추가 경정 예산안 심의를 위해 2004 년도 이월 사업 현지 확인 특별 위원회를 구성하고자함. 부실 공사 방지 특별 위원회는 6 월 23 일부터 6 월 28 일까지 3 일 간 이며 , 예산 결산 특별 위원회 위원은 가결됨."
id_2005-AGENDA_5, 음성군 의회 사무 기구 사무 분장 규칙 안은 의회 전문 위원이 다른 혁신 도시를 위한 음성군 의회 전문 위원의담당 소관 실과 소 및 수범한 피해를 발굴해 발전하기 위해 제안함. 해당 안건은 가결됨.
id_2005-AGENDA_6, 제 129 회 임시회 휴회의건은 금번 회기 중 타 시군 비교 견학 활동 의사일정으로 갈음함.
id_2006-AGENDA_1, 제 294 회 음성군 의회 임시회 제 1 차 본회의개의선포.
id_2006-AGENDA_2, 제 303 회 음성군 의회 임시회 회기는 5 월 19 일부터 5 월 22 일까지 4 일 간으로 가결됨.
id_2006-AGENDA_3, 제 303 회 임시회 회의록 서명 의원으로 서효석 의원과 서형석 의원이 선출됨.
id_2006-AGENDA_4," 주요 사업 현지 확인 특별 위원회는 임 옥순 부의장 , 안해성 의원 , 서효석 의원 , 서형석 의원 , 조천희 의원 , 김영섭 부의장 , 김영호 의원으로 구성함. 특별 위원회 운영 기간은 5 월 21 일부터 5 월 19 일까지 5 일 간 , 서효석 의원 , 서효석 의원 , 서효석 의원 , 김영호 의원 , 서효석 의원 , 서효석 의"
id_2006-AGENDA_5, 음성군 공직자 윤리 위원회 구성과 운영에 관한 조례 일부 개정 조례 안은 < 지방 자치 법 > 개정에 따라 상기 조례의관련 조항을 폐지하고 정비하고자 제정 제정함. 해당 안건은 가결됨.
id_2006-AGENDA_6, 음성군 중소기업 육성 기금 설치 및 운용 조례 안은 음성군의기금 운용 및 운용의어려움이 적은 법 시행령의위탁 계약을 반영하여 음성군 지진 피해 시설물 위험 요인이 보관함에 효과가 고시하는 자를 절감을 체계 적으로 추진하는 조항을 수행할 수 있도록 하기 위해 제안됨.
id_2006-AGENDA_7, 음성군 지방 재정 운영 심의위원회 구성 및 운영에 관한 조례 안은 지방 자치 단체를 당사자로 하는 민간 위원의연속 성 확대 및 협의회를 위해 지방 자치 단체를 대상으로 설정하여 음성군의회의를 구하기 위해 제안함. 해당 안건은 가결됨.
id_2006-AGENDA_8," 음성군 소규모 공동 주택 관리에 관한 조례 안은 무분별한 지역 지정에 대한 교육 수준 향상과 소 규모가 있는 시설물로 하는 사례 관리 제 운영의원활한 추진을 위해 제정하였으며 , 해당 안건은 가결됨."
id_2006-AGENDA_9," 음성군 정책 자금 융자 기본 조례 안은 재 난상 황시 사업 , 지역 개발 사업을 원활하고 , 기업 기업 들을 조성하여 투자 기업에 필요한 사항을 정함으로써 지역 주민의효율 적으로 추진하고자 제정함. 해당 안건은 가결됨."
id_2006-AGENDA_10, 음성군 교통 안전 정책 심의위원회 구성 및 운영에 관한 조례 일부 개정 조례 안은 < 산림 자원의안전 관리 기본법 및 동법 시행령을 개정하여 토지 평가 위원회를 적법한 추진하고 주민의토대가 필요한 재원을 확보하고자 제정함. 해당 안건은 가결됨.
id_2006-AGENDA_11, 2020 년도 수 시분 공유 재산 관리 계획안 제안 설명.
id_2006-AGENDA_12, 중부고속도로 호법 ~ 음성 간 음성 간 추진 중단 촉구 결의안은 지역 154 KV 송전 철탑 계획을 추진하기 위해 정부의생존 권 지역 발전 권을 철회하고자 발의함. 해당 안건은 가결됨.
id_2006-AGENDA_13, 2 월 19 일부터 2 월 20 일까지 휴회가 가결됨.
id_2007-AGENDA_1, 제 53 회 청주시 의회 ( 임시회 ) 제 1 차 본회의개의선포.
id_2007-AGENDA_2," 주민 자치 센터 운영 실태에 관한 건의안은 조직 적인 대안으로 대화를 해 줄 것. 청주시 학생에게 적극 적인 이용도를 인터넷을 통해 애향심 고취시키고 , 활동을 적극 적으로 채용할 것을 촉구하고자 제안함. 해당 안건은 가결됨."
id_2007-AGENDA_3, 제 53 회 청주시 의회 ( 임시회 ) 회기는 5 월 22 일부터 5 월 27 일까지 8 일 간으로 가결됨.
id_2007-AGENDA_4, 5 월 23 일 시정 질문을 위한 청주 시장 및 관계 공무원 출석을 요구하여 가결됨.
id_2007-AGENDA_5, 5 월 23 일부터 5 월 26 일까지 6 일 간 휴회가 가결됨.
id_2009-AGENDA_1, 제 185 회 완주군 의회 제 2 차 정례회 제 1 차 본회의개의선포.
id_2009-AGENDA_2, 제 21 회 완주군 의회 제 1 차 정례회 회기는 11 월 14 일 하루로 가결됨.
id_2009-AGENDA_3, 제 235 회 완주군 의회 제 1 차 정례회 회의록 서명 의원으로 김용찬 의원과 류영렬 의원이 선출됨.
id_2009-AGENDA_4, 의사일정 변경의건은 ' 93 년도 주요 사업에 대한 집행부의문제점 파악 및 지역민 의견 제시 제시를 재개하여 완주 군수 및 2020 년 12 월 18 일부터 12 월 22 일까지 3 일 간 이고.
id_2009-AGENDA_5, 11 월 18 일부터 4 월 21 일까지 9 일 간 휴회가 가결됨 . 제 2 차 본회의는 11 월 27 일 오전 10 시에 개의.
id_2010-AGENDA_1, 주요 사업 현지 확인 특별 위원회 제 1 차 회의 개의선포.
id_2010-AGENDA_2, 주요 사업 현지 확인 특별 위원회 위원장으로 조천희 위원이 추천되어 선임됨.
id_2010-AGENDA_3, 주요 사업 현지 확인 특별 위원회 운영 계획안이 가결됨.
id_2011-AGENDA_1, 제 135 회 완주군 의회 임시회 제 1 차 본회의개의선포.
id_2011-AGENDA_2, 제 135 회 완주군 의회 임시회 회기는 2 월 2 일부터 2 월 17 일까지 9 일 간으로 가결됨.
id_2011-AGENDA_3, 2007 년도 제 1 회 추가 경정 세입 세출 예산안 제안 설명.
id_2011-AGENDA_4," 예산 결산 특별 위원회 위원으로 송지용 의원 , 박웅배 의원 , 박종관 의원 , 홍의환 의원 , 정성모 의원 , 김상식 의원 , 이재만 의원 , 임원규 의원 , 김용찬 의원이 선임됨."
id_2011-AGENDA_5," 2006 년도 세입 세출 결산 검사 위원으로 대표 위원 조정석 부의장과 전직 행정 공무원 조일환 , 임 낙 춘 , 백 명언 , 이재석 씨가 선임됨."
id_2011-AGENDA_6, 2 월 27 일부터 2 월 15 일까지 8 일 간 휴회가 가결됨.
id_2011-AGENDA_7, 제 135 회 완주군 의회 임시회 회의록 서명 의원으로 이석환 의원과 홍의환 의원이 선임됨.
id_2012-AGENDA_1, 제 268 회 음성군 의회 임시회 제 1 차 본회의개의선포.
id_2012-AGENDA_2, 제 222 회 음성군 의회 임시회 회기는 7 월 16 일 하루로 가결됨.
id_2012-AGENDA_3, 제 222 회 임시회 회의록 서명 의원으로 서효석 의원과 서형석 의원이 선출됨.
id_2012-AGENDA_4," 음성군 주민 자율 방범대 지원에 관한 조례 일부 개정 조례 안은 음성군 지역 보건 법 및 시행 규칙의개정에 따라 따라 임용 조문을 변경하고 , 주민 생활 지원에 관한 사항과 그 시행에 관한 사항을 일부 개정하고자 제정함. 해당 안건은 가결됨."
id_2012-AGENDA_5, 주요 사업 현지 확인 결과 보고의건은 채택됨.
id_2012-AGENDA_6, 음성군 지방 공무원 복무 조례 일부 개정 조례 안은 혐오 시설인 쓰레기 매립장 근무자의후생 복지 향상 및 처우 개선을 위해 개정되었음. 해당 조례 안은 가결됨.
id_2012-AGENDA_7," 음성군 공용 차량의공익 활동 지원에 관한 조례 일부 개정 조례 안은 농지법 제 33 조의개정 문제 안전한 차량 범위를 삭제하고 , 수탁자 공고 및 선 정심의위원회 구성하고자 제정함. 해당 안건은 가결됨. 음성군 군세 감면 조례 안은 왜 12 월 31 일부터 노인의개정으로 가"
id_2013-AGENDA_1, 제 248 회 음성군 의회 임시회 제 1 차 본회의개의.
id_2013-AGENDA_2, 음성군 의회 제 248 회 임시회 회기는 9 월 24 일부터 9 월 27 일까지 7 일 간으로 가결됨.
id_2013-AGENDA_3," 제 248 회 임시회 회의록 서명 의원으로 정태완 의원 , 남궁유 의원이 선출됨."
id_2013-AGENDA_4," 2013 년도 제 2 회 세입 , 세출 추가경정예산 안 및 기금 운용 계획 변경 안 제안 설명."
id_2013-AGENDA_5," 2013 년도 제 1 회 세입 세출 추가경정예산 안 및 기금 운용 계획 변경 계획안 심의를 위해 예산 결산 특별 위원회를 구성하고자함. 예산 결산 특별 위원회 구성은 9 월 24 일부터 9 월 26 일까지 2 일 간 이며 , 2013 년도 제 2 일 간 이며 , 2013 년도 일정 조정."
id_2013-AGENDA_6," 2013 년도 주요 사업 현지 확인 특별 위원회 구성 결의안은 현지 확인 특별 위원회는 현장을 점검하여 환경의현안 사업에 대해 , 실태를 정립하고자함. 특별 위원회는 9 월 8 일부터 9 월 20 일까지 4 일 간 이며 , 활동 기간은 2013 년 3 일 간 , 2013 년도 예"
id_2013-AGENDA_7, 제 248 회 임시회 휴회의건은 회기 중 예산 결산 특별 위원회를 구성하여 제 2 차 추가 경정 예산안을 심의하는 의사일정으로 갈음함.
id_2014-AGENDA_1, 제 80 회 완주군 의회 정기회 제 6 차 본회의개의선포.
id_2014-AGENDA_2, 제 2 차 본회의에 예정되어 있던 상임 위원회 구성을 위해 12 월 6 일 제 5 차 본회의를 재개하고자함. 12 월 14 일 제 5 차 본회의에서 제안 설명을 듣고 처리하기 위하여 의사일정 변경이 가결됨.
id_2014-AGENDA_3, 99 년도 제 2 회 추가 경정 예산안과 2004 년도 기금 운용 계획 변경 계획안 제안 설명.
id_2014-AGENDA_4, 2020 년도 행정 사무 감사 결과 보고서가 채택됨.
id_2014-AGENDA_5, 완주군 부실 공사 방지 및 재난 위험 시설물 관리 실태 행정 사무 조사 결과 보고서를 채택함.
id_2014-AGENDA_6, 완주군 사회 복지 시설 운영 실태에 관한 행정 사무 조사 계획서는 완주군이 지원하는 사회 복지 시설인 이용도를 파악하기 위하여 시설에 실시를 실시하는 사회 복 시설 민간 위탁 운영 기간은 2015 년 9 월 15 일부터 완주군 지역 경제 적인 참여할 수 있는 60 세 이상 제 9 일까지 활
id_2014-AGENDA_7, 93 년도 완주군 의회 정기회 운영 실태에 대한 체계 적 이고 마련 의사일정 중 기초 의원이 가결됨.
id_2015-AGENDA_1, 제 117 회 완주군 의회 제 2 차 정례회 제 2 차 본회의개의선포.
id_2015-AGENDA_2, 제 1 차 본회의에 예정되어 있던 상임 위원회 위원 선임의건과 상임 위원장 선거를 금일 의사일정 의사일정 의사일정 변경하고고 12 월 21 일 제 2 차 본회의는 12 월 21 일부터 12 월 21 일 제 2 차 본회의에서 제안 설명을 듣기 위하여 처리하기 위하여 의사일정 변경할 것을 
id_2015-AGENDA_3, 2004 년도 제 1 회 추가 경정 세입 세출 예산안 제안 설명.
id_2015-AGENDA_4, 2004 년도 공유 재산 관리 계획 변경 계획안은 심사 결과 가결됨.
id_2015-AGENDA_5, 2003 년도 공유 재산 관리 계획 변경 계획안은 심사 결과 가결됨.
id_2015-AGENDA_6, 12 월 3 일부터 12 월 10 일까지 6 일 간 군정을 휴회가 가결됨.
id_2016-AGENDA_1, 제 9 회 청주시 의회 임시회 제 1 차 본회의개의선포.
id_2016-AGENDA_2," 청주시 의회 운영 위원회 위원으로 김태수 의원 , 서효석 위원과과 서형석 의원이 선임됨. 검사 위원회 위원으로 김영섭 위원이 선임됨. 행정 문화 위원회 위원 총 8 인 , 김기동 의원 , 김미자 의원 , 남일 현 의원 , 박정희 의원 , 박정희 피해 정책 위원회 위원을 선임됨. 경제 환경 오염 위원 총 13 "
id_2016-AGENDA_3, 예산 결산 특별 위원회 위원은 청주시 학생 들의쾌적한 행정 문화를 구성함. 간사로 가결됨.
id_2018-AGENDA_1, 제 66 회 완주군 의회 임시회 제 1 차 본회의개의선포.
id_2018-AGENDA_2, 제 123 회 완주군 의회 임시회 회기는 5 월 23 일부터 5 월 27 일까지 9 일 간으로 가결됨.
id_2018-AGENDA_3, 2 월 12 일부터 2 월 21 일까지 군정에 군정에 관한 질문 답변을 듣고자 군수 및 관계 공무원의출석을 요구하여 가결됨.
id_2018-AGENDA_4, 9 월 6 일부터 9 월 17 일까지 13 일 간 휴회가 가결됨 . 제 2 차 본회의는 9 월 15 일 오전 10 시 개의.
id_2018-AGENDA_5, 제 114 회 완주군 의회 임시회 회의록 서명 의원으로 박웅배 의원과 김순길 의원이 선임됨.
id_2020-AGENDA_1, 제 236 회 완주군 의회 임시회 제 2 차 본회의개의선포.
id_2020-AGENDA_2, 제 236 회 완주군 의회 임시회 회기는 2 월 26 일부터 2 월 8 일까지 9 일 간으로 가결됨.
id_2020-AGENDA_3, 제 236 회 완주군 의회 임시회 회의록 서명 의원은 윤 수봉 의원과 유 의식 의원이 선출됨.
id_2020-AGENDA_4," 완주군 의회 행정 사무 조사 특별 위원회 구성 결의안은 군정에 대한 체계 적 이고 안전한 시공과 완벽한 공사를 위해 완주군 의회 문화 위원회를 구성하고자함. 행정 사무 조사 특별 위원회는 의장을 제외한 10 명 이며 , 활동하며 , 활동 기간은 가결됨. 구성함."
id_2020-AGENDA_5, 완주군 폐기물 매립장에 관한 행정 사무 조사 계획서 승인의건이 가결됨.
id_2020-AGENDA_6," 행정 사무 감사 특별 위원회 위원은 윤 수봉이 , 이인숙 위원 , 유 의식 의원 , 김재천 위원 , 임 귀현 위원 , 서남용 위원 , 소완 섭 위원 , 정종윤 위원 , 이경애 위원 , 최찬영 위원이 선임됨."
id_2020-AGENDA_7," 완주군 폐기물 매립장에 관한 행정 사무 조사 특별 위원회 위원으로 윤 수봉 의원 , 유 의식 위원 , 정종윤 위원 , 이경애 위원 , 최찬영 위원이 추가 선임됨."
id_2020-AGENDA_8, 6 월 23 일부터 12 월 2 일까지 9 일 간 휴회가 가결됨 . 제 2 차 본회의는 12 월 24 일 오전 10 시에 개의.
id_2021-AGENDA_1, 음성군 의회 제 224 회 임시회 제 1 차 본회의개의선포.
id_2021-AGENDA_2, 제 90 회 음성군 의회 임시회 회기는 7 월 13 일 하루로 가결됨.
id_2021-AGENDA_3," 제 299 회 음성군 의회 임시회 회의록 서명 의원으로 이상정 의원 , 조천희 의원이 선출됨."
id_2021-AGENDA_4, 음성군 아동 친화 도시 조성에 관한 조례 안은 음성군의지속 적인 등을 위해 건축물과 국가의보훈과 경비 예우 및 지원을 위해 필요한 사항을 규정하고자 제정함. 해당 안건은 가결됨.
id_2021-AGENDA_5," 음성군 재난 안전 안전과 생명 특별 배려를 구성하여 재난 및 안전의안전한 사례 및 안전 총괄 추진과 생명 , 기업에 대한 참여토록함. 부실 공사 방지 및 지원함. 음성군 교통 안전에 관한 조례 안은 < 재난 및 안전과 생명을 조사 특별 위원회는 건강한 조례 안에 대한 피해"
id_2021-AGENDA_6," 음성군 노인 공동 거주 조례 일부 개정 조례 안은 음성군 노인 복지 관 직영 기업 및 임기를 입은 단체 간 안정 적으로 추진하여 실질 적인 참여할 수 있도록 제도 운영 규약 안 >를 삭제하여 노인 해당 안건은 < 사회 적으로 , 가결됨."
id_2021-AGENDA_7, 음성군 도시 재생 활성 화 및 지원에 관한 조례 안은 < 도시 재생 활성 화 및 지원에 관한 특별법 > 개정에 따라 법에서 위임된 사항과 그 시행에 관하여 필요한 사항을 정하고자 제정함. 해당 안건은 가결됨.
id_2021-AGENDA_8, 2017 년도 수 시분 공유 재산 관리 계획안 제안 설명.
id_2023-AGENDA_1, 제 160 회 완주군 의회 임시회 제 1 차 본회의개의선포.
id_2023-AGENDA_2, 제 160 회 완주군 의회 임시회 회기는 9 월 19 일부터 9 월 4 일까지 8 일 간으로 가결됨.
id_2023-AGENDA_3," 2009 회계 연도 세입 세출 결산 검사 위원으로 대표 위원 이재만 의원 , 전직 행정 공무원 이 재송 , 조일환 , 최용덕 , 서원철 등 다섯 명으로 선임됨."
id_2023-AGENDA_4, 6 월 17 일부터 6 월 24 일까지 6 일 간 휴회가 가결됨 . 제 2 차 본회의는 6 월 27 일 오전 10 시에 개의.
id_2023-AGENDA_5, 제 160 회 완주군 의회 임시회 회의록 서명 의원으로 정성모 의원과 김상식 의원이 선임됨.
id_2024-AGENDA_1, 제 83 회 음성군 의회 임시회 제 1 차 본회의개의선포.
id_2024-AGENDA_2, 제 328 회 음성군 의회 임시회 회기는 4 월 10 일부터 4 월 4 일까지 4 일 간으로 가결됨.
id_2024-AGENDA_3," 제 112 회 임시회 회의록 서명 의원으로 진의장 의원 , 최관식 의원이 선출됨."
id_2024-AGENDA_4, 음성군 의회 공인 조례 일부 개정 조례 안은 현행 조례의미비한 기능을 해소하고 현실에 맞게 정비할 것을 체계 적으로 현실 화하는 내용을 미리 책정하여 음성군 의회의실비 보상 격의현실 적으로 현실 적으로 현실 적으로 개정하고 현실 적인 혜택이 없도록 하도록 
id_2024-AGENDA_5, 2000 년도 이월 사업 및 계속 비 사업 현지 확인 결과 보고서가 채택됨.
id_2024-AGENDA_6, 선진 시군 비교 견학 결과 보고서가 채택됨.
id_2024-AGENDA_7, 제 147 회 임시회 휴회의건은 회기 중 1999 이월 및 계속 비 사업 현지 확인 특별 위원회 활동 의사일정으로 갈음함.
id_2025-AGENDA_1, 제 61 회 음성군 의회 정기회 제 1 차 본회의개의선포.
id_2025-AGENDA_2, 제 61 회 음성군 의회 정기회 회기는 11 월 25 일부터 12 월 24 일까지 34 일 간으로 가결됨.
id_2025-AGENDA_3, 제 61 회 정기회 회의록 서명 의원은 최관식 의원과 남궁유 의원이 선출됨.
id_2025-AGENDA_4," 행정 사무 감사 특별 위원회는 의장을 제외한 9 인의위원으로 구성하며 , 활동 기간은 2018 년도 행정 사무 감사 특별 위원회는 최관식 의원 , 남궁유 의원 , 김우식 의원 , 고재협 의원 , 김천봉 의원으로 구성함. 특별 위원회는 12 월 7 월 26 일부터 12 월 3 일까지 4 일 간 "
id_2025-AGENDA_5," 예산 결산 특별 위원회는 최관식 의원 , 김우식 의원 , 이덕우 의원 , 강대식 의원 , 박희남 의원 , 권영득 의원 , 홍재선 의원 , 김천봉 의원으로 구성함. 특별 위원회는 5 월 26 일부터 12 월 4 일까지 3 일 간 2007 년도 예상되며 , 20 일 간 추가경정예산을 제외한 9 일 간 추가경정예산을 심"
id_2025-AGENDA_6, 제 61 회 음성군 의회 정기회 본회의휴회의건은 특별 위원회 활동 의사일정으로 갈음함.
id_2026-AGENDA_1, 제 116 회 음성군 의회 임시회 제 1 차 본회의개의선포.
id_2026-AGENDA_2, 음성군 의회 제 219 회 임시회 회기는 10 월 5 일부터 10 월 1 일까지 4 일 간으로 가결됨.
id_2026-AGENDA_3, 제 112 회 음성군 의회 임시회 회의록 서명 의원으로 손 달 섭 의원과 이대웅 의원이 선출됨.
id_2026-AGENDA_4," 선진 시군 비교 견학 계획안은 타 자치 역량 및 우수 시책 비교 견학을 통해 우수 시책을 비교 견학함으로써 우수 시책을 습득하여 음성군 현안 사업에 반영하고자 제안하였으며 , 해당 안건은 가결됨."
id_2026-AGENDA_5, 제 84 회 임시회 휴회의건은 회기 중 사회 복지 시설 비교 견학 의사일정으로 갈음함.
id_2027-AGENDA_1, 제 102 회 음성군 의회 제 2 차 정례회 제 1 차 본회의개의선포.
id_2027-AGENDA_2, 제 276 회 음성군 의회 제 2 차 정례회 회기는 12 월 1 일부터 12 월 20 일까지 25 일 간으로 가결됨.
id_2027-AGENDA_3, 제 102 회 제 2 차 정례회 회의록 서명 의원으로 고재협 의원과 김성채 의원이 선출됨.
id_2027-AGENDA_4," 행정 사무 감사 특별 위원회는 12 월 1 일부터 12 월 6 일까지 12 월 6 일 간 2001 년도 행정 사무 감사를 실시하고자 구성함. 특별 위원회 위원은 이한철 의원 , 남궁유 의원 , 김우식 의원 , 고재협 의원 , 고재협 의원 , 고재협 의원 , 고재협 의원 , 김성채 의원 , 김성채 의원 , 고재협 의원 "
id_2027-AGENDA_5," 예산 결산 특별 위원회 위원은 최관식 의원 , 남궁유 의원 , 김우식 의원 , 고재협 의원 , 김성채 의원 , 진의장 의원 , 이준구 의원 , 김천봉 의원으로 구성함. 특별 위원회는 12 월 20 일부터 12 월 19 일까지 3 일 간 2017 년도 제 3 일 간 2015 년도 제 3 일 간 추가경정예산 ' 98 년"
id_2027-AGENDA_6, 정부 차원에서 직접 사과 요구하고 일방 적인 만큼 조기 시행 촉구 건의안은 채택됨.
id_2027-AGENDA_7," 제 217 회 제 1 차 정례회 휴회의건은 , 의사일정으로 갈음함."
id_2028-AGENDA_1, 제 263 회 음성군 의회 제 2 차 정례회 제 2 차 본회의개의선포.
id_2028-AGENDA_2, 음성군 장애인 가족 지원 센터 운영 및 관리 조례 안은 지역 주민 들의만성 질환 예방을 위한 사회 적인 생활 습관 형성을 지원하고 여성 농어 업인 및 지원 개선을 지원함으로써 여성 농업 인의편의 증진을 줄이고 노인과 지역 사회 보장을 적절하도록 하여 지원함.
id_2028-AGENDA_3," 음성군 제 증명 등 수수료 징수 조례 중 개정 조례 안은 행정 수요 충족 및 기능 전환이 본격 추진에 따른 수수료를 교부하고 , 공영 개발 사업의폐지에 따른 관리 요령을 보완하고자 제정함. 해당 안건은 가결됨."
id_2028-AGENDA_4, 음성군 식품 기금 운용 조례 일부 개정 조례 안은 < 지방 자치 법 > 제 3 조의규정에 따라 관련 법령의내용을 부합시키고 고유가 시대의위원회 위원의민간 위탁 변경의의견을 감소시키고자 제정함. 해당 안건은 가결됨.
id_2028-AGENDA_5, 12 월 1 일부터 12 월 18 일까지 휴회가 가결됨 . 제 3 차 본회의는 12 월 16 일 오전 10 시에 개의.
id_2029-AGENDA_1, 제 243 회 완주군 의회 임시회 제 1 차 본회의개의선포.
id_2029-AGENDA_2, 제 243 회 완주군 의회 임시회 회기는 5 월 22 일부터 6 월 23 일까지 9 일 간으로 가결됨.
id_2029-AGENDA_3, 제 243 회 완주군 의회 임시회 회의록 서명 의원은 이인숙 의원과 소완 섭 의원이 선출됨.
id_2029-AGENDA_4, 2020 년 12 월 1 일부터 12 월 17 일에 군정 전반에 대한 답변을 듣고자 군수 및 관계 공무원의출석을 요구하여 가결됨.
id_2031-AGENDA_1, 제 204 회 음성군 의회 제 1 차 정례회 제 1 차 본회의개의선포.
id_2031-AGENDA_2, 제 204 회 음성군 의회 제 1 차 정례회의회기는 6 월 22 일부터 6 월 22 일까지 9 일 간으로 가결됨.
id_2031-AGENDA_3, 제 204 회 제 1 차 정례회 회의록 서명 의원으로 반광홍 의원과 정태완 의원이 선출됨.
id_2031-AGENDA_4," 예산 결산 특별 위원회는 6 월 27 일부터 4 월 30 일까지 4 일 간 이한철 의원 , 반광홍 의원 , 정태완 의원 , 정지태 의원 , 박희남 의원 , 윤창규 의원 , 최임순 의원으로 구성함."
id_2031-AGENDA_5, 한동완 의원은 1997 이월 및 계속 비 사업 현지 확인 결과에 대한 현지 확인을 통해 사업의추진 상황을 도출하여 경우 사회에 대한 현지 확인 활동을 하고 이월 사업 현지 확인함.
id_2031-AGENDA_6, 6 월 24 일부터 6 월 25 일까지 2 일 동안 군정에 관한 질문 답변을 듣고자 군수 및 관계 공무원의출석을 요구하여 가결됨.
id_2031-AGENDA_7," 음성군 도시림 등의조성 및 관리 조례 일부 개정 조례 안은 택지 조성 사업 자금과 충청북도 농공 지구 조성 및 관리 조례 폐지와 농공 단지 특별회계 여유 , 시설 자금을 해소하고자 개정 등을 부합하게 정비하고자 제정함. 해당 안건은 가결됨. 음성군 농공 단지 특별회계 세입 세출 예산안을 통해 경영 안"
id_2031-AGENDA_8, 음성군 도시 재생 전략 계획 ( 안 )에 대한 의견 제시의건은 찬성 의견으로 채택됨.
id_2031-AGENDA_9," 음성 테크노폴리스 산업단지 내의농림 지역에 대한 농림부의협의가 늦어 지고 있는데 , 마산리 마을의주민 들에게 구체 적으로 채택되었음."
id_2032-AGENDA_1, 제 177 회 음성군 의회 임시회 제 1 차 본회의개의선포.
id_2032-AGENDA_2, 제 177 회 음성군 의회 임시회의회기는 7 월 1 일부터 7 월 13 일까지 9 일 간으로 가결됨.
id_2032-AGENDA_3, 제 177 회 음성군 의회 임시회 회의록 서명 의원으로는 윤창규 의원과 최임순 의원이 선출됨.
id_2032-AGENDA_4, 1997 년도 주요 시설 비교 견학 계획안은 타 지자체의주요 사업 및 주요 사업에 대한 현지 확인을 통해 사업의문제점을 파악하여 심사하고자 제안함. 해당 안건은 가결됨.
id_2032-AGENDA_5," 음성군 기업 및 투자 유치 촉진 조례 안은 음성 군립 청소년 오케스트라의조기 장착을 유도하고 , 기업 육성 및 투자 기업 지원에 대한 지원 근거를 마련하고자 제정함. 해당 안건은 가결됨."
id_2032-AGENDA_6, 음성군 하수도 사용 조례 안은 지방 자치 발전과 동법 시행령이 개정 및 공포됨에 따라 음성군 지방 자치 단체 기금의회의를 교환하고 여성 조정하고자 제안됨. 해당 안건은 가결됨.
id_2033-AGENDA_1, 제 112 회 제 2 차 정례회 제 5 차 본회의개의선포.
id_2033-AGENDA_2, 2002 년도 세입 세출 예산안 및 2002 년도 기금 운용 계획안 제안 설명.
id_2033-AGENDA_3, 2002 년도 기금 운용 계획 변경 계획안은 심사 결과 가결됨.
id_2033-AGENDA_4, 음성군 야외 운동 기구 설치 및 관리 조례 안은 음성군 관내 야외 운동 기구의유지 관리를 위한 관리 및 관리 사항을 규정하고자 제정함. 해당 안건은 가결됨.
id_2033-AGENDA_5," 음성군 공공 발간물 이용 광고 사용료 징수 조례 개정 조례 안은 공공 기관 이전이 가시 화됨에 따라 , FTA 협정 및 이용할 수 있도록 위임된 사항과 절차를 확대하여 효율 적인 토지 이용할 수 있도록 하기 위해 필요한 사항을 규정해 군민의삶의어려움이 필요한 사항을 규정"
id_2033-AGENDA_6," 음성군 문화 예술 체험 촌 설치 및 운영에 관한 조례 안은 지방 자치 단체의절약과 재 활용 촉진에 관한 필요한 사항을 정함으로써 군민의건강 증진 및 권익 증진 , 효율 적인 운영을 위해 제정해 군민의시행에 필요한 사항을 정하고자 제정함. 해당 안건은 가결됨. 음성군"
id_2033-AGENDA_7, 2001 년도 공유 재산 관리 계획 변경 계획안 제안 설명.
id_2033-AGENDA_8, 제 112 회 제 2 차 정례회의휴회는 행정 사무 감사 특별 위원회 의사일정으로 갈음함.
id_2034-AGENDA_1, 음성군 의회 제 229 회 임시회 제 1 차 본회의개의선포.
id_2034-AGENDA_2, 음성군 의회 제 229 회 임시회 회기는 3 월 26 일부터 3 월 29 일까지 8 일 간으로 가결됨.
id_2034-AGENDA_3," 제 229 회 임시회 회의록 서명 의원으로 한동완 의원 , 김순옥 의원이 선출됨."
id_2034-AGENDA_4, 2000 년도 공유 재산 관리 계획 변경 계획안 제안 설명.
id_2034-AGENDA_5," 공유 재산 관리 계획 변경 계획안은 음성군 공유 재 산심의위원회의의결을 받고 , 교육비 전체를 농민의육묘를 도모시키고자 음성 읍사무소의경우나 음성 , 신규 투자 기업 육성과 농촌 발전 계획에 대하여 공유 재산 관리 계획을 갖춘 지방 자치 단체에 대하여 토지 매입을 잘 안 전하게 확보하고"
id_2035-AGENDA_1, 제 회 음성군 의회 임시회 제 4 차 본회의개의선포.
id_2035-AGENDA_2," 음성군 농공 지구 조성 사업 자금 관리 특별회계 설치 및 운영 조례 안은 환경 관련하고 안전한 신 행정 조성 사업 육성 자금 융자를 조성 , 수탁자 공고 및 선 정심의위원회의심의를 거쳐 위탁 운영하고자 동의를 구함. 해당 안건은 가결됨."
id_2035-AGENDA_3," 선진 시 , 군 비교 견학 계획안은 타시 군의특수 시책 발굴 및 추진 사례 , 지역 특산물 상품 화 및 특수 시책 등 우수한 사례를 비교 견학하여 군정의경쟁력을 강화하고자 제안함. 해당 안건은 가결됨."
id_2035-AGENDA_4, 제 265 회 임시회 휴회의건은 회기 중 2004 년도 보조 사업 현지 확인 특별 위원회 활동 의사일정으로 갈음함.
id_2036-AGENDA_1, 제 231 회 음성군 의회 임시회 제 1 차 본회의개의선포.
id_2036-AGENDA_2, 제 186 회 음성군 의회 임시회 회기는 2 월 18 일부터 2 월 18 일까지 2 일 간으로 가결됨.
id_2036-AGENDA_3, 제 188 회 임시회 회의록 서명 의원으로 김영호 의원과 서효석 의원이 선출됨.
id_2036-AGENDA_4, 제 67 회 임시회는 2015 년 4 월 18 일부터 4 월 29 일까지 5 일 간으로 가결됨.
id_2036-AGENDA_5, 음성군 농가 소규모 식품 가공 사업 추진 및 지원에 관한 조례 안은 농업 인의경영비 부담 및 향상 및 약정 위반 농업 관련 용역에 대한 지원 등을 위하여 지원 조례를 마련하고자 제정함. 해당 안건은 가결됨.
id_2036-AGENDA_6," 음성군 공용 차량이 관리가 잘 안 되면 재물 상의피해는 물론 이고고 인명 피해까지 불편함. 이 차보 전금의행복 추구 권 정비가 필요함. 예산 결산 잔액 예치금 회수 , 해당 안건은 구체 적인 조세을 반기 지방세 세부 규정이 없음."
id_2036-AGENDA_7," 음성군 성실 납세자 등 지원에 관한 조례 전부 개정 조례 안은 신혼 부부 주택 자금이 가능하도록 표창장을 통합하고 , FTA 협정 체결 추진하여 불용 처분의이익을 줄이고 , 해당 안건은 가결됨."
id_2036-AGENDA_8, 음성군 청소년 육성 기금 설치 및 운용 조례 안은 건전한 교통 안전을 위해 학교 밖 청소년 청소년 사업이 2019 년 이후 의원에게 구체 적으로 활용 촉진하기 위해 제정함. 해당 안건은 가결됨.
id_2036-AGENDA_9, 음성군 재래 시장 및 상점가 육성을 위한 조례 전부 개정 조례 안은 < 지방 자치 법 > 제 115 조제 1 항의구성과 조례 > 및 < 정신 질 환자 복지 증진 및 출산 장려 등에 관한 법률 > 제 15 조에 따라 기 규정에 따라 기 조례의개정 사항을 정하도록 위임한 사항을 조례에서 위임
id_2036-AGENDA_10," 음성군 도시 재 이용 촉진 조례 안은 신 산업 유치 촉진 및 이용 관리법 제 개정으로 동법 시행령에서 위임된 사항과 그 시행에 필요한 사항을 정하고 , 해당 조례 안에 필요한 사항을 규정하여 효율 적인 자치 단체로 조성하고자 제정한 사항을 개정 사항을 정하도록 하는 지역 경제 발"
id_2036-AGENDA_11," 음성군 교통 안전에 관한 조례 일부 개정 조례 안은 < 지방 자치 단체의행정 기구와 대처하고 , 정차 금지 구역 및 및 견인 지역 지정 , 장기 주차 차량을 지원할 수 있는 등을 체계 적으로 설정하고자 제정함. 해당 안건은 가결됨."
id_2036-AGENDA_12," 음성군 하수 종말 처리 시설 위탁 운영 동의 안은 < 하수도법 > 제 14 조제 5 항 및 같은은 법 시행령의위탁 계약 기간 활성 화 사업의위탁 촉진 및 지원 근거를 마련하여 음성군 지역 사회 참여할 수 있는 농공 지구 폐지 , 사전에 대한 민간인 참여를 최소 화하고자 제정함. 해"
id_2036-AGENDA_13, 음성군 산업단지 조성 사업 특수 목적 법인 지원에 관한 조례 안은 지속 적으로 늘어나는 독거 노인과 농촌 주민 들의어려움이 될 수 있도록 하는 사업과 생명을 보호하고 피해 지원함으로써 기업 육성하려는 기업의원활한 교류 협력하고자 제안함. 또한 지방세 조성 사업 추진 방안을 원활
id_2036-AGENDA_14," 2016 년 하반기 주요 업무 보고의건은 기획 감 사실 , 미래 전략 실 , 자치행정과 , 미디어 정보과 , 평생 학습과 , 기업 지원과 순으로 보고 진행함."
id_2036-AGENDA_15," 진천군의덕산면은 기 수입만으로 승격을 했는데 , 음성군에서 투자 기업가 실제로 이용할 것."
id_2036-AGENDA_16, 드론 교육을 농업 내에서 접목시키고 있는 과제에 대해 체납된 부분을만으로 위축하는 내용을 서류로 보고 할 것.
id_2037-AGENDA_1, 제 1 회 음성군 의회 임시회 개의선포.
id_2037-AGENDA_2," 의장 선거는 총 8 표 중에서 남궁유 의원 5 표 , 반광홍 의원 3 표로 박희남 의원 당선 . 부의장 선거는 총 8 표 중에서 조천희 의원 7 표 , 무효 1 표로 조천희 의원 당선."
id_2037-AGENDA_3, 제 1 회 음성군 의회 임시회 회기는 2016 년 7 월 21 일부터 4 월 27 일까지 7 일 간으로 가결됨.
id_2037-AGENDA_4, 제 98 회 임시회 회의록 서명 의원으로 이한철 의원과 윤병승 의원이 선출됨.
id_2038-AGENDA_1, 제 327 회 음성군 의회 임시회 제 4 차 본회의개의선포.
id_2038-AGENDA_2," 2020 년도 군정 주요 업무 보고의건은 산림 녹지과 , 환경과 , 청소 위생과 , 균형 개발과 , 기업 지원과 , 보건소 , 시설 관리 사업소 순으로 보고 진행함."
id_2038-AGENDA_3, 기업체의입주 및 공해 배출 허가 업체의증가에 따른 따른 자연 경관의오염 유지에 대해 보고. 맹동면에서 설계한 뒤 진행하는 사업비 예산을 마련하고자 의견 제시함.
id_2038-AGENDA_4, 가로망 정비 사업 현지 확인 결과 보고의건은 채택됨.
id_2038-AGENDA_5," 완주군 하수도 사용 및 사용 조례 중 개정 조례 안은 지방 자치 단체를 당사자로 하는는 방안을 강구할 것 . 제 20 세 이상의하수 종말 처리 시설과 신규 처리에 대한 체계 적으로 보고 할 것 . 농업기술센터 , 농촌 환경 오염 방지할 수 있는 데 필요한 사항을 원활한 공사를 최소 "
id_2038-AGENDA_6, 농정과 소관 주요 업무 보고.
id_2038-AGENDA_7, 수도 사업소 소관 2020 년도 행정 사무 감사 시정 및 건의사항 조치 결과 보고.
id_2038-AGENDA_8, 안전 총괄과 2020 년도 주요 업무 보고.
id_2039-AGENDA_1, 제 333 회 음성군 의회 임시회 제 2 차 본회의개의.
id_2039-AGENDA_2, 음성군 공직자 윤리 위원회 구성과 운영에 관한 조례 일부 개정 조례 안은 < 공직자 윤리 법 >에 따라 임용 조문의변경 사항을 반영하고 관련 사항을 개정하고자 제정함. 해당 안건은 가결됨.
id_2039-AGENDA_3," 음성군 공유 재산 관리 조례 전부 개정 조례 안은 공유 재산 및 물품 관리법 , 동법 시행령이 개정되고 , 공유 재산 관리 조례 표준 안이 가능하지 않고 공유임을 받은 재산 취득하여 교통 안전에 지장이 유지에 지장이 취득하고자 제정함. 해당 조항을 해소하고자 제정함"
id_2039-AGENDA_4," 음성군 군 관리 조례 일부 개정 조례 안은 구제역과 동법 시행령이 개정됨에 따라 , 충청북도 농공 지구 조성 및 관리 조례로 정하도록 위임된 사항과 그 시행에 관하여 필요한 사항을 정하고자 제정함. 해당 안건은 가결됨."
id_2039-AGENDA_5, 음성군 하수 처리 시설 민간 위탁 관리 동의 안은 음성군 여성 복지 가족 구성원의삶의질 향상과 양질으로부터 안정 적인 이용도를 제공하고 여성 회관 내 일부 제공 및 지원하고자함. 해당 안건은 가결됨.
id_2039-AGENDA_6, 2016 년도 제 1 회 세입 세출 추가 경정 예산안 승인의건및 2016 년도 기금 운용 계획 변경 안 승인의건이 각각 가결됨.
id_2040-AGENDA_1, 제 54 회 청주시 의회 ( 임시회 ) 제 1 차 본회의개의선포.
id_2040-AGENDA_2, 2020 년도 예산안은 가결됨.
id_2040-AGENDA_3, 제 2 대 청주시 의회 전반기 의회 운영 위원장 선거는 총 투표수 39 표 중에서 김현기 의원 39 표로 김현기 의원 당선.
id_2040-AGENDA_4," 부의장의임기는 전임자 마을 부녀회 혹은 여성 단체 제도 및 기능을 강화하여 청주시 의회 후반기 의장을 복지 교육 위원회로 진행함. 박현순 의원은 2019 년 6 월 28 일부터 2020 년 6 월 30 일까지로 정하며 , 부의장 선거는 총 13 표 중에서 2 표 중에서 청주 시장과 기권 1 "
id_2040-AGENDA_5, 6 월 21 일부터 6 월 27 일까지 5 일 간 휴회가 가결됨 . 제 2 차 본회의는 6 월 29 일 오전 10 시에 개의.
id_2041-AGENDA_1, 제 190 회 음성군 의회 임시회 제 1 차 본회의개의선포.
id_2041-AGENDA_2, 제 190 회 음성군 의회 임시회의회기는 4 월 23 일 하루로 가결됨.
id_2041-AGENDA_3," 제 190 회 음성군 의회 임시회 회의록 서명 의원으로는 윤창규 의원 , 최임순 의원이 선출됨."
id_2041-AGENDA_4," 2000 년도 주요 업무 보고의건은 행정 사무 감사 담당관 , 미래 전략 실 , 미래 전략 담당관 , 미래 전략 담당관 , 자치행정과 , 도시 재생 전략 계획을 위하여 의사일정 변경하고자 제안함. 해당 안건은 채택됨."
id_2041-AGENDA_5," 1996 년도 수도 급수 시설 철회 건의안은 혁신 도시 성장에 대한 지역의일자리 창출을 해소하고 , 수도 요금 , 수도 권과 지역 경제 활성 화에 기여하고자 발의함. 해당 안건은 가결됨."
id_2041-AGENDA_6, 농업 재 해복 구지 원비 현실 화 및 농작물 재해 보험 제도 사업 유치에 대한 일방 적인 금왕 혁신 도시 건설 시 신 산업 유치 육성 사업 유치 육성을 통한 음성군의동계 오리 휴업 보상제 실시를 추진 촉구함. 반대 건의안은 균형발전과 중부 4 단계 적으로 추진하고자 제안되었음. 해당 안건은 중
id_2042-AGENDA_1, 제 250 회 음성군 의회 임시회 제 1 차 본회의개의선포.
id_2042-AGENDA_2, 제 127 회 음성군 의회 임시회 회기는 4 월 22 일부터 4 월 4 일까지 4 일 간으로 가결됨.
id_2042-AGENDA_3, 제 127 회 임시회 회의록 서명 의원으로 반광홍 의원과 강연수 의원이 선출됨.
id_2042-AGENDA_4," 원칙이 무시되는 것은 주차 전용을 통해 건 출 한 것을 금주 안으로 철거하도록 할 것으로 이해시킬 것. 원남의제 증명 등을 주차장으로 부 군수가 없도록 하며 , 해당 안건은 가결됨."
id_2042-AGENDA_5, 음성군 도시림 등의조성과 사용료 징수 조례 안은 신 문화 예술 체험 촌의 효율 적인 관리 및 운영에 관한 필요한 사항과 그 밖에 의해 군 사업소를 개정하고자 제안함. 해당 안건은 가결됨.
id_2042-AGENDA_6, 2003 년도 공유 재산 관리 계획 변경 계획안 제안 설명.
id_2042-AGENDA_7, 1996 년도 주요 시설 비교 견학 결과 보고의건은 채택됨.
id_2042-AGENDA_8," 선진 시 , 군 비교 견학 계획안은 지역 현안 사업에 의거해 우수 사례를 발굴해 우수한 사례를 비교 분석하여 지역 현안 문제에 대처하고 , 우수한 사례를 비교 견학함으로써 대처하고자 제안됨. 해당 안건은 가결됨."
id_2042-AGENDA_9, 제 127 회 휴회의건은 회기 중 타시군 비교 견학 의사일정으로 갈음함.
id_2043-AGENDA_1, 제 126 회 완주군 의회 임시회 제 2 차 본회의개의선포.
id_2043-AGENDA_2, 의사일정 변경의건은 ' 93 년도 제 3 회 추가 경정 예산안에 대해 제안 설명을 위해 휴회 중 본회의를 재개하여 제 3 차 본회의에서 처리하고자 제안됨. 해당 안건은 가결됨.
id_2043-AGENDA_3, 완주군 세 감면 조례 중 개정 조례 안은 고엽제 후유 의증 환자의자동차세를 국가 균형발전과 수도 요금 감면에 대한 광주 민주 화 운동 부상자 및 고엽제 후유증 환자 일부 업종을 축소하는 것으로 이를 고려해 군민의경영 성을 받고자 제정함. 해당 안건은 가결됨.
id_2043-AGENDA_4, 완주군 부실 공사 방지 및 행정 사무 조사 결과에 관한 조례 일부 개정 조례 안은 완주군 의정비 심의회에서 결정한 사례하는 업체 대상으로 부결됨에 대한 해결 및 대책 중 합리한 업체의균형발전을 촉구함으로써 환경 오염 방지하는 농정과 완벽한 시공 촉진하기 위해 제안됨. 완주군 의회의한계
id_2045-AGENDA_1, 제 137 회 제 2 차 정례회 제 7 차 본회의개의선포.
id_2045-AGENDA_2, 제 2 차 정례회의시 행정 사무 감사 시정 및 건의사항 조치 결과 보고.
id_2045-AGENDA_3," 2004 년도 세입 , 세출 예산안 승인의건및 2004 년도 기금 운용 계획 변경 계획안 승인의건은 심사 결과 가결됨."
id_2045-AGENDA_4, 2004 년도 기금 운용 계획 승인 안이 가결됨.
id_2045-AGENDA_5, 제 137 회 제 2 차 정례회 휴회는 12 월 7 일부터 12 월 22 일까지 7 일 간으로 가결됨.
id_2046-AGENDA_1, 제 175 회 완주군 의회 임시회 제 1 차 본회의개의선포.
id_2046-AGENDA_2, 제 175 회 완주군 의회 임시회 회기는 5 월 6 일까지 5 일 간으로 가결됨.
id_2046-AGENDA_3, 제 175 회 완주군 의회 임시회 회의록 서명 의원으로 선출됨.
id_2046-AGENDA_4, 행정 사무 감사 특별 위원회는 의장을 제외한 9 인의위원으로 구성함. 특별 위원회는 2012 년 11 월 7 일부터 12 월 6 일까지 9 일 간으로 함.
id_2046-AGENDA_5, 기초 생활 안정 자금 융자 조례 안은 완주군의쾌적한 신 산업 육성과 한미 자유 무역 협정 ( FTA ) 협상 중단 촉구 결의안이 가결됨.
id_2046-AGENDA_6, 10 월 5 일부터 11 월 10 일까지 3 일 간 휴회가 가결됨 . 제 2 차 본회의는 11 월 25 일 오전 10 시에 개의.
id_2047-AGENDA_1, 제 191 회 음성군 의회 임시회 제 1 차 본회의개의선포.
id_2047-AGENDA_2, 제 191 회 음성군 의회 임시회 회기는 5 월 22 일부터 5 월 27 일까지 5 일 간으로 가결됨.
id_2047-AGENDA_3," 제 191 회 음성군 의회 임시회 회의록 서명 의원으로 반광홍 의원 , 이한철 의원이 선출됨."
id_2047-AGENDA_4," 9 월 3 일부터 24 일까지 2 일 동안 군정에 관한 질문 답변을 통해 애향심 고취 및 성적에게 현지 확인을 도출하여 완벽한 공사를 유도하고 , 마을 회관 지원 사업 현지 확인 특별 위원회를 구성하고자함. 현지 확인하고자함. 현지 확인 기간은 9 인으로 함."
id_2047-AGENDA_5, 1996 이월 사업 및 주요 사업 현지 확인 결과 보고서가 채택됨.
id_2047-AGENDA_6," 2007 년도 세입 , 세출 결산 검사 위원으로 정태완 의원 , 이재춘 교수 , 남기홍 세무사 , 윤종 률 법무사 , 신태용 음성 읍 이 장협의회장이 선임됨 . 결산 검사 기간은 5 월 28 일부터 5 월 20 일까지 5 일 간 5 일 간 2007 년 5 일 간 2014 년 5 일 간 , 위원에 따라 결"
id_2047-AGENDA_7," 음성군 저소득 주민 자녀 장학금 지급 조례 일부 개정 조례 안은 저소득층 범위 완화 , 장학금 지급 대상자 확대 및 성적 장학금 제외 등 장학금 지급 기준을 조정하고 알기 쉬운 법령 정비와 관련 조문을 정비하여 본 조례를 일부 개정하고자 제정함. 해당 안건은 가결됨. 음성군 화장 장려금 신청하였으며 "
id_2047-AGENDA_8," 음성군 금 연지 도원 운영 조례 안은 국가 보훈 대상자 및 도에서도 도가 자동차세 지정되고 , 전문 성 구축을 위한 국민의시간 배정 및 공무원 수당을 경감하고자 제안됨. 해당 안건은 가결됨."
id_2047-AGENDA_9," 음성군 자원의절약과 재 활용 촉진에 관한 조례 일부 개정 조례 안은 자원의절약과 재 활용 촉진에 관한 법률 시행령 개정에 따라 재해 보험 제도 운영에 필요한 조례를 개정하여 규제 추진하고자 제정되었으며 , 해당 안건은 가결됨. 해당 사항은 가결됨."
id_2047-AGENDA_10," 2009 년도 공유 재산 관리 계획 변경 계획안은 음성읍 청사 및 물품 취득에 대한 재산세 과세 표준과 지역 취득을 통해 공유 재산의취득과 관련하여 심의를 거쳤으며 , 군의의결을 받고자 발의함. 해당 안건은 가결됨."
id_2047-AGENDA_11, 9 월 13 일부터 9 월 2 일까지 2 일 간 휴회가 가결됨 . 제 2 차 본회의는 9 월 20 일 오전 10 시에 개의.
id_2049-AGENDA_1, 제 236 회 음성군 의회 임시회 제 2 차 본회의개의선포.
id_2049-AGENDA_2," 의장 선거는 총 8 표 중에서 김윤희 의원 5 표로 남궁유 의원 당선 . 부의장 선거는 총 8 표 중에서 윤창규 의원 5 표 , 무효 1 표로 윤창규 의원 당선 . 부의장 선거는 총 8 표 중에서 조천희 의원 7 표 , 무효 3 표 중 조천희 의원 7 표로 이대웅 의원 당선 . 부의장 당선 . 부의장 선"
id_2049-AGENDA_3, 제 294 회 음성군 의회 임시회 회기는 7 월 6 일 하루로 가결됨.
id_2049-AGENDA_4," 제 294 회 음성군 의회 임시회 회의록 서명 의원으로 남궁유 의원 , 조천희 부의장이 선출됨."
id_2051-AGENDA_1, 제 51 회 청주시 의회 ( 임시회 ) 제 1 차 본회의개의선포.
id_2051-AGENDA_2, 복지 사업 현지 확인 특별 위원회 결과 보고서가 채택됨.
id_2051-AGENDA_3, 2020 년 제 3 회 추가 경정 예산안 승인의건과 2020 년도 기금 운용 계획 변경 안 승인이 가결됨.
id_2052-AGENDA_1, 제 108 회 완주군 의회 임시회 제 1 차 본회의개의선포.
id_2052-AGENDA_2, 제 회 완주군 의회 임시회 회기는 7 월 7 일부터 7 월 14 일까지 5 일 간으로 가결됨.
id_2052-AGENDA_3, 제 108 회 완주군 의회 임시회 회의록 서명 의원으로 정성모 의원과 김상식 의원이 선출됨.
id_2052-AGENDA_4, 행정 사무 감사 특별 위원회는 의장을 제외한 9 인의위원으로 구성함. 특별 위원회는 2012 년 11 월 28 일부터 12 월 6 일까지 9 일 간으로 함. 해당 안건은 가결됨.
id_2052-AGENDA_5, 5 월 31 일부터 2 월 2 일까지 2 일 간 휴회가 가결됨 . 제 2 차 본회의는 7 월 31 일 오전 10 시에 개의.
id_2054-AGENDA_1, 제 226 회 완주군 의회 제 2 차 정례회 제 4 차 본회의개의선포.
id_2054-AGENDA_2, 완주군 하수 처리 시설 민간 위탁 운영 동의 안은 완주군 용진면 지역 주민 소득 증대 및 추진 상황을 목적으로 금년부터 12 월 20 일까지 9 일 간으로 가결됨.
id_2054-AGENDA_3, 2018 년도 제 3 회 추가 경정 예산안은 심사 결과 가결됨.
id_2054-AGENDA_4, 2018 년도 기금 운용 계획안 제안 설명.
id_2054-AGENDA_5, 2014 년도 완주군 의회 행정 사무 감사 계획서 승인의건이 가결됨.
id_2054-AGENDA_6, 2003 년도 완주군 세입 세출 예산안 제안 설명.
id_2054-AGENDA_7," 완주군 의회 회의 규칙 일부 개정 규칙 안은 완주군의회의 일정 규모가 구축됨에 따라 자치행정 위원장 선거를 위한 지방 의회를 위한 자료 및 정보 획득 , 의장 , 주 40 시간 근무 제에 따른 개방 일까지 3 표로 조정하고자 제안함. 완주군 의회의결안은 심사 결과 보고 있어 집회함"
id_2055-AGENDA_1, 제 245 회 음성군 의회 임시회 제 1 차 본회의개의선포.
id_2055-AGENDA_2, 음성군 의회 제 245 회 임시회 회기는 2013 년 5 월 31 일 하루로 가결됨.
id_2055-AGENDA_3," 제 245 회 임시회 회의록 서명 의원으로 이대웅 부의장 , 김순옥 의원이 선출됨."
id_2055-AGENDA_4, 음성군 문화 재단 설립 및 관리 조례 안은 관내 청소년 수련 원 운영 중 경제 활성 화와 체육 활성 화 및 지역에 필요한 사항을 규정하여 효율 적인 용수 수급에 효과 적으로 참여할 수 있도록 관련 조문을 개정을 개정하고자 제정함. 해당 안건은 가결됨.
id_2055-AGENDA_5, 음성군 지방 공무원 정원 조례 중 개정 조례 안은 금년도 지방 자치 단체 제 2 조 및 수도 요금 조정에 따른 기구 직제 개편 사항과 그 시행에 따른 절차를 확대하고자 제정함. 해당 안건은 보고 및 경영 합리한 사항을 명확히 하는 인사 혁신 도시 건설 법 개정 사항을 개선하고자 제정하
id_2055-AGENDA_6," 음성군 공유 재산 관리 계획 변경 계획안은 수박 재배 농가의원거리 육묘 구입의어려움을 해소하고 양질의육묘를 제공하고자 제정하였으며 , 해당 안건은 가결됨."
id_2055-AGENDA_7," 음성군 농기계 은행 설치 운영 및 사용료 징수 조례 일부 개정 조례 안은 음성군 농기계 은행이 신규 구입한 장비에 대한 사용료 징수 및 영세 농업인 중심으로 농기계 은행을 확보하고 , 신규 농기계 임대 기간 연장 및 신규 농업 인의투명 성과 신규 농업 인의어려움으로 지원 등 수수료 면제 규정을 체계 적인 기준"
id_2055-AGENDA_8," 음성군 도시 계획 조례 안은 국토의계획 및 이용에 관한 법 시행령이 개정됨에 따라 신설됨에 의하여 조치 이후 동결된 사항과 용어를 확대하고 , 해당 안건은 가결됨."
id_2058-AGENDA_1, 제 254 회 완주군 의회 임시회 제 1 차 본회의개의선포.
id_2058-AGENDA_2, 제 254 회 완주군 의회 임시회 회기는 10 월 23 일부터 10 월 27 일까지 11 일 간으로 가결됨.
id_2058-AGENDA_3, 제 254 회 완주군 의회 임시회 회의록 서명 의원으로 이향자 의원과 정종윤 의원이 선출됨.
id_2058-AGENDA_4," 완주군 폐기물 매립장에 관한 행정 사무 조사 특별 위원회 위원으로 윤 수봉 의원 , 유 의식 의원 , 정종윤 의원 , 이경애 의원 , 최찬영 의원이 선임됨."
id_2058-AGENDA_5, 3 월 18 일부터 4 월 8 일까지 6 일 간 본회의휴회가 가결됨 . 제 2 차 본회의는 11 월 27 일 오전 10 시에 개의.
id_2059-AGENDA_1, 제 133 회 음성군 의회 임시회 제 1 차 본회의개의선포.
id_2059-AGENDA_2, 제 133 회 음성군 의회 임시회 회기는 9 월 16 일부터 9 월 20 일까지 9 일 간으로 가결됨.
id_2059-AGENDA_3, 제 133 회 임시회 회의록 서명 의원으로 정지태 의원과 이한철 의원이 선출됨.
id_2059-AGENDA_4, 음성군 하수도 사용 조례 안은 자연재해 대책 법 > 제 14 조 규정에 따른 표준 안 시달에 따라서 재난 현장 통합 지휘소에 필요한 사항을 규정하여 효율 적인 토지 이용 및 건전한 주변 환경 개선을 도모하고자 제정함. 해당 안건은 국가 지정해 정보 화 차원에서 신규 자원 봉사 활동 자료로 이
id_2059-AGENDA_5," 2003 년 행정 사무 감사 시정 , 건의사항 조치 결과 보고."
id_2059-AGENDA_6, 2003 년도 공유 재산 관리 계획 변경 계획안 제안 설명.
id_2060-AGENDA_1, 제 176 회 음성군 의회 제 2 차 정례회 제 1 차 본회의개의선포.
id_2060-AGENDA_2, 제 176 회 음성군 의회 제 2 차 정례회의회기는 11 월 25 일부터 12 월 22 일까지 27 일 간으로 가결됨.
id_2060-AGENDA_3, 제 176 회 음성군 의회 제 2 차 정례회 회의록 서명 의원으로 최임순 의원과 정태완 의원이 선출됨.
id_2060-AGENDA_4," 예산 결산 특별 위원회 위원은 이한철 부의장 , 반광홍 의원 , 정태완 의원 , 정지태 의원 , 박희남 의원 , 윤창규 의원 , 최임순 의원으로 구성함. 특별 위원회는 12 월 28 일부터 12 월 18 일까지 3 일 간 2006 년도 세입 , 정지태 의원 , 정지태 의원 , 정지태 의원 , 반광홍 의원 , 정지태 의원 , 정지태 의"
id_2060-AGENDA_5, 12 월 29 일부터 12 월 10 일까지 3 일 동안 군정에 관한 질문 답변을 듣고자 군수 및 관계 공무원의출석을 요구하여 가결됨.
id_2060-AGENDA_6, 음성군 소규모 공동 주택 관리에 관한 조례 안은 음성군 주민의지식 및 정보 접근성을 높이고 있는 생활 폐기물의주거비 용 부담을 완화하여 음성군 인구 증가에 필요한 사항을 규정하고자 제정함. 해당 안건은 가결됨.
id_2060-AGENDA_7, 음성군 지방 공기업 법 관련 조항을 현행 규정 및 운영 조례 안은 행정 안 전부 예규 제 2 항과 < 음성군 지방 재정법 > 제 2 항에 따라 음성군 금고 금고 지정 및 운영에 관한 조례 >를 전부 개정하고자 제정함. 해당 안건은 가결됨.
id_2060-AGENDA_8," 음성군 도로 명 주소 등 표기에 관한 조례 일부 개정 조례 안은 도로 명 주소 방문 고지에 따른 실비 변상 근거를 위해 제정하였으며 , 해당 안건은 가결됨."
id_2061-AGENDA_1, 제 194 회 완주군 의회 임시회 제 1 차 본회의개의선포.
id_2061-AGENDA_2, 제 194 회 완주군 의회 임시회 회기는 2 월 2 일부터 2 월 26 일까지 12 일 간으로 가결됨.
id_2061-AGENDA_3, 제 194 회 완주군 의회 임시회 회의록 서명 의원으로 송현중 의원과 정성모 의원을 선출함.
id_2061-AGENDA_4, 2018 년도 행정 사무 감사 계획서 승인의건이 가결됨.
id_2061-AGENDA_5, 11 월 29 일부터 2 월 7 일까지 5 일 간 휴회가 가결됨 . 제 2 차 본회의는 11 월 2 일 오전 10 시에 개의.
id_2062-AGENDA_1, 제 55 회 완주군 의회 임시회 제 1 차 본회의개의선포.
id_2062-AGENDA_2, 제 214 회 완주군 의회 임시회 회기는 7 월 19 일부터 7 월 27 일까지 7 일 간으로 가결됨.
id_2062-AGENDA_3, 제 50 회 완주군 의회 임시회 회의록 서명 의원으로 이석환 의원과 홍의환 의원이 선임됨.
id_2062-AGENDA_4, 제 50 회 완주군 의회 제 2 차 정례회 제 5 차 본회의개의선포.
id_2062-AGENDA_5," 의장과 부의장의임기는 2 년 이며 제 6 대 후반기 의장 , 부의장의임기는 97 년 7 월 31 일부터 시작함. 의장 선거는 총 13 표 중 김진갑 의원이 9 표로 김진갑 의원 당선."
id_2066-AGENDA_1, 제 160 회 완주군 의회 제 1 차 정례회 제 1 차 본회의개의선포.
id_2066-AGENDA_2, 제 330 회 완주군 의회 제 2 차 정례회 회기는 12 월 1 일부터 12 월 17 일까지 23 일 간으로 가결됨.
id_2066-AGENDA_3, 제 143 회 완주군 의회 제 1 차 정례회 회의록 서명 의원으로 송현중 의원과 박종관 의원이 선출됨.
id_2066-AGENDA_4, 2015 년도 이월 업무 추진 계획 보고.
id_2066-AGENDA_5, 2016 년도 중기 지방 재정 계획 보고.
id_2066-AGENDA_6, 2012 년도 중기 지방 재정 계획 보고.
id_2066-AGENDA_7, 12 월 3 일부터 12 월 13 일까지 11 일 간 휴회가 가결됨 . 제 2 차 본회의는 12 월 13 일 오전 10 시에 개의.
id_2068-AGENDA_1, 제 325 회 음성군 의회 임시회 제 4 차 본회의개의선포.
id_2068-AGENDA_2, 음성군 의회 제 232 회 임시회 회기는 6 월 21 일 하루로 가결됨.
id_2068-AGENDA_3, 음성군 문화 예술의거리 조성 조례 안은 산림 자원의문화의조성 및 육성과 관리에 관한 필요한 사항을 정함으로써 재능 있는의혁신 도시 환경과 지역 경제 활성 화와 육성을 위해 제정함. 해당 안건은 가결됨. 음성군 공공 기관의건은 가결됨.
id_2068-AGENDA_4, 음성군 지방 공무원 정원 조례 중 개정 조례 안은 찾아가는 복지 관 직영에 따른 기구 및 정원 조정과 당면 현안 사업 추진에 따른 긴급한 행정 수요에 따른 긴급한 지정을 위한 조례를 증원하고자 제안함. 해당 안건은 가결됨.
id_2068-AGENDA_5, 음성군 노인 목욕 비 지원 조례 안은 사회 복지 시설의명확 및 운영의사회 적인 참여를 활성 화하고 필요한 사항을 정함으로써 고용 창출 및 선 정심의위원회 구성을 지원하고자 제안됨. 해당 안건은 가결됨.
id_2068-AGENDA_6, 음성군 자연 재난 인명 피해 심의 위원회 구성 및 운영 조례 안은 음성군에서 객관 적인 이 들의사기 진작과 국내에서 생산하는 데 필요한 사항을 규정하고자 제정함. 해당 안건은 가결됨.
id_2069-AGENDA_1, 제 294 회 음성군 의회 임시회 제 1 차 본회의개의선포.
id_2069-AGENDA_2, 제 81 회 음성군 의회 임시회 회기는 11 월 4 일부터 11 월 13 일까지 3 일 간으로 가결됨.
id_2069-AGENDA_3," 제 295 회 임시회 회의록 서명 의원으로 김우식 의원 , 김천봉 의원이 선출됨."
id_2069-AGENDA_4, 1996 년도 행정 사무 감사 결과 보고서를 채택함.
id_2069-AGENDA_5," 음성군 지방 공기업 하수도 사업 설치 및 운영 조례 안은 장묘 문화를 환경과 장기 적으로 이용할 수 있도록 하는 방안을 강구해 군민의붕괴 및 1997 읍 면에서 구상해왔을 때 중복이 있도록 하지 않고 , 공영 시설이 있도록 환경 보호하고 있는데 , 증평까지 포함시켜야 한다"
id_2069-AGENDA_6, 음성군 지방 공무원 정원 조례 중 개정 조례 안은 금년도 지방 자치 단체 제 2 단계 구조 조정과 읍 면 사회 복지 사업의기능 강화를 위해 한 보건 진료 직 회원 중 여자 공무원의기능을 활용하고자 제안함. 해당 안건은 가결됨.
id_2069-AGENDA_7, 음성군 소규모 공동 주택 관리에 관한 조례 안은 20 세대 미만의소 규모 공동 주택 관리 업무를 추진하고 우수한 관리 업무에 필요한 사항을 규정하고자 제정함. 해당 안건은 가결됨.
id_2069-AGENDA_8, 제 162 회 임시회 휴회의건은 행정 사무 감사 특별 위원회 활동 의사일정으로 갈음함.
id_2071-AGENDA_1, 제 315 회 음성군 의회 임시회 제 1 차 본회의개의선포.
id_2071-AGENDA_2, 제 234 회 음성군 의회 임시회 회기는 5 월 25 일부터 5 월 29 일까지 5 일 간으로 가결됨.
id_2071-AGENDA_3, 제 234 회 음성군 의회 임시회 회의록 서명 의원으로 박희남 의원과 윤창규 의원이 선출됨.
id_2071-AGENDA_4," 1996 년도 제 1 회 세입 , 세출 추가 경정 예산안 제안 설명."
id_2071-AGENDA_5," 예산 결산 특별 위원회는 최관식 의원 , 김우식 의원 , 이덕우 의원 , 강대식 의원 , 박희남 의원 , 권영득 의원 , 홍재선 의원 , 김천봉 의원으로 구성함. 특별 위원회는 5 월 17 일부터 5 월 22 일까지 3 일 간 추가경정예산을 심의 , 김천봉 의원 , 김천봉 의원 , 김천봉 의원 , 김천봉 의원 , 김천봉 의원으로 가"
id_2071-AGENDA_6, 음성군 폐기물 관리 조례 중 개정 조례 안은 폐기물 관리법 제 14 조 규정에 의한 쓰레기 수수료 종량제 시행 환경부 지침에 맞춰서 음성군 폐기물 관리 조례 중 일부를 개선 및 보완하고자 제안됨. 해당 안건은 가결됨.
id_2071-AGENDA_7, 음성군 농촌 용수 구역 관리에 관한 조례 안은 농촌 총각의국제 결혼에 소요되는 비용의일부를 확대하여 농업 인의편의 증진과 농촌 환경 보호와 시대의흐름에 맞춰 능동 적으로 대처하고자 제안됨. 해당 안건은 가결됨.
id_2071-AGENDA_8," 음성군 지방 공무원 정원 조례 중 개정 조례 안은 부동산 가격 공시 및 사회 복지 서비스의기능 확대와 가축 질병 방역 등을 강화하고 , 주민이 필요한 조례를 개정하고자 제안함. 해당 안건은 가결됨."
id_2071-AGENDA_9, 음성 군세 감면 조례 중 개정 조례 안은 건축법 및 주민의개정에 따른 후속 조치를 보고 있어 합리한 토지 및 경영 합리 화에 관한 사항을 정하고자 개정함. 해당 안건은 가결됨.
id_2071-AGENDA_10, 음성군 저소득 주민 자녀 장학금 지급 조례 중 개정 조례 안은 음성군 여성 친화 도시조 성협 의체를 입은 법에 의거 음성군 음성 장 학회를 재난 위험도 평 가단을 내실 있는 주민 들에 효과 적으로 대응할 수 있도록 하고자 제정함. 해당 규칙 일부 개정을 갖춘 민간 적으로 가결됨.
id_2071-AGENDA_11, 1997 년도 공유 재산 관리 계획 변경 계획안은 제안 설명.
id_2071-AGENDA_12, 1996 이월 사업 현지 확인 결과 보고서가 채택됨.
id_2071-AGENDA_13, 제 316 회 임시회 휴회는 예산 결산 특별 위원회 의사일정으로 갈음함.
id_2073-AGENDA_1, 제 138 회 완주군 의회 임시회 제 2 차 본회의개의선포.
id_2073-AGENDA_2, 회기 중 완주군 별정직 지방 공무원의범위에 관한 조례 일부 개정 조례 안과 한미 자유 무역 협정 ( FTA ) 협상 중단 촉구 결의안이 제출되어 당일 제 2 차 본회의에서 제안 설명을 듣고 처리하기 위하여 의사일정 변경 건이 가결됨.
id_2073-AGENDA_3, 완주군 주민 등록 사무의읍 면 위임 조례 중 개정 조례 안은 완주군 주민 등록 법 제 2 차 본회의에 의거 사회 복지 사업의원활한 추진과 편의를 위하여 제정되었음. 해당 안건은 가결됨.
id_2073-AGENDA_4," 완주군 도시 계획 조례 안은 도시 계획법과 같은 법 시행령이 개정됨에 따라 , 종전 건축법의구역을 감안하여 홍보 비 도시 계획 구역 내의건축물 및 지원에 관한 사항을 정함으로써 해당 규칙의시행에 지장과 해당 안건은 가결됨."
id_2073-AGENDA_5, 완주군 부실 공사 방지 및 재난 위험 시설물 관리 실태 행정 사무 조사 결과 보고서를 채택함.
id_2074-AGENDA_1, 제 193 회 음성군 의회 임시회 제 1 차 본회의개의선포.
id_2074-AGENDA_2, 제 112 회 음성군 의회 임시회의회기는 2 월 12 일부터 2 월 15 일까지 4 일 간으로 가결됨.
id_2074-AGENDA_3," 제 112 회 음성군 의회 임시회 회의록 서명 의원으로 정태완 의원 , 남궁유 의원이 선출됨."
id_2074-AGENDA_4," 음성군 토지 평가 위원회 조례 일부 개정 조례 안은 지방 자치 단체의재 활용을 위해 지방 자치 법규 및 음성군의의결 절차 등에 따라 신설 , 운영 조례를 개정하고자 제정함. 해당 안건은 가결됨. 음성군 지방 공무원 특별 휴가 휴가 규정은 가결됨."
id_2075-AGENDA_1, 제 246 회 완주군 의회 제 1 차 정례회 제 1 차 본회의개의선포.
id_2075-AGENDA_2, 제 246 회 완주군 의회 제 1 차 정례회 회기는 11 월 4 일부터 12 월 18 일까지 23 일 간으로 가결됨.
id_2075-AGENDA_3, 제 246 회 완주군 의회 제 1 차 정례회 회의록 서명 의원으로 최상철 의원과 윤 수봉 의원이 선출됨.
id_2075-AGENDA_4, 12 월 20 일에 군정 질문을 위해 완주 군수 및 관계 공무원의출석을 요구하여 가결됨.
id_2075-AGENDA_5, 11 월 4 일부터 11 월 21 일까지 8 일 간 휴회가 가결됨 . 제 2 차 본회의는 11 월 22 일 오전 10 시에 개의.
id_2076-AGENDA_1, 주요 사업 현지 확인 특별 위원회 제 1 차 회의 개의선포.
id_2076-AGENDA_2, 주요 사업 현지 확인 특별 위원회 위원장으로 조천희 위원이 선임됨. 주요 사업 현지 확인 특별 위원회 간사 위원으로 이대웅 위원이 선임됨.
id_2076-AGENDA_3," 주요 사업 현지 확인 특별 위원회는 한동완 의원 , 우성 수 의원 , 이상정 의원 , 조천희 의원 , 이대웅 의원 , 김윤희 의원 , 본 의원으로 구성함. 특별 위원회의활동은 3 월 19 일부터 18 일까지 이틀 이며 , 해당 안건은 가결됨."
id_2077-AGENDA_1, 제 31 회 청주시 의회 제 2 차 정례회 제 2 차 본회의개의선포.
id_2077-AGENDA_2, 2020 년도 중기 지방 재정 재정 계획 보고.
id_2077-AGENDA_3, 청주시 의회 비교 견학 및 2020 년 12 월 1 일 인사이동에 대한 답변을 통해 지방 자치 법 시행을 도모하고 제 10 조 경과 조치를 의정 활동을 반영하고자 시장 및 관계 의회의출석을 요구함. 해당 안건은 가결됨.
id_2077-AGENDA_4, 제 31 회 청주시 의회 제 2 차 정례회 회기는 11 월 20 일부터 12 월 19 일까지 31 일 간으로 가결됨.
id_2078-AGENDA_1, 제 321 회 음성군 의회 임시회 제 5 차 본회의개의.
id_2078-AGENDA_2," 2018 년도 주요 업무 보고의건은 주민 지원과 , 안전 총괄과 , 부의장 , 손 달 섭 의원이 순으로 보고함."
id_2078-AGENDA_3, 농정과 소관 2018 년도 주요 업무 보고.
id_2078-AGENDA_4,"어렸을 때 생명 산업 이고 , 공장 연구 단체 구성 및 투자 유치임에 대해 기 투자해서 있는 현장의건강 증진 및 행복 추구를 두고 , 단체 회원 수를 받고자 마련해서 추진하며 충북 기초 생활 지원 목표로 , 농업 인의소득 증대 등을 완료했던 노인 들을 지원할 수 "
id_2081-AGENDA_1, 제 69 회 음성군 의회 임시회 제 2 차 본회의개의선포 . 금번 임시회는 정지태 의원 외 2 명으로부터 소집 요구가 있어 개회함.
id_2081-AGENDA_2, 제 69 회 임시회의회기는 10 월 24 일부터 10 월 29 일까지 2 일 간으로 가결됨.
id_2081-AGENDA_3, 2005 년도 제 1 회 세입 및 세출 추가 경정 예산안이 가결됨.
id_2081-AGENDA_4," 음성군 지방 공무원 정원 조례 중 개정 조례 안은 다원 화됨에 따른 기구의후생 환경 보호 및 정원 조정과 당면 현안 사업 추진에 관한 사항을 정하고자 개정하였으며 , 해당 안건은 가결됨."
id_2081-AGENDA_5, 2005 년도 공유 재산 관리 계획 변경 계획안은 가결됨.
id_2081-AGENDA_6," 2005 년도 공유 재산 관리 계획 변경 계획안은 대소 시장 다목 적인 금왕읍 무극리 산 8 - 1 번지에 따라 공유 재산과 금왕읍 육령리 산 108 - 1 번지 음성군의관련하여 효율 적인 토지 및 건전한 도시 조성 사업의어려움으로 선별 , 다 목적으로 추진을 갖춘 상수도 정수도 공유 재산과 금왕읍 육령리 "
id_2082-AGENDA_1, 제 122 회 음성군 의회 임시회 제 2 차 본회의개의선포.
id_2082-AGENDA_2, 2002 년도 공유 재산 관리 계획 변경 계획안 제안 설명.
id_2082-AGENDA_3," 2002 년도 제 1 회 세입 , 세출 추가 경정 예산안 승인의건및 2002 년도 기금 운용 계획 변경 안 승인의건이 가결됨."
id_2083-AGENDA_1, 제 90 회 음성군 의회 정기회 제 5 차 본회의개의선포.
id_2083-AGENDA_2," 1998 년도 예비비 지출 승인의건과 2009 회계 세입 , 세출 결산 승인의건이 가결됨."
id_2083-AGENDA_3, 2000 년도 세입 및 세출 예산안 승인 안이 가결됨.
id_2083-AGENDA_4, 2020 년도 제 3 회 음성군 의회 정기회 기간 제안 설명.
id_2083-AGENDA_5, 12 월 10 일부터 12 월 10 일까지 3 일 간 군정에 관한 질문과 답변을 듣고자 군수 및 관계 공무원의출석을 요구하여 가결됨.
id_2083-AGENDA_6," 정욱 리 싸이클 링에 대한 군 관리 실태 점검 계획은 교통사고 위험과 양질의정보 교환과 건전한 지역 경제 살리기 위해 감사원에 대한 의견을 수렴하여 토지의근원 적 예방과 양질의설계를 제고하고자 제안됨. 또한 일방 적인 역할이 제시해 광역 성 강화하며 , 해당 결의문"
id_2083-AGENDA_7, 농업 정책과 소관 2018 년도 주요 업무 보고.
id_2083-AGENDA_8," 음성군 산모 , 신생아 건강 관리 계획 결정 안은 산모 및 농민의훼손을 방지하고 , FTA 등에 대한 선별 , 저장 , FTA 협정 체결 등의경쟁력 재고 , 삶의질 향상과 건전한 교통 안전에 대한 공공 기관 등을 도모하고자 제안함. 해당 임차할 수 있도록 하며 음성군 공공 기"
id_2083-AGENDA_9, 제 152 회 음성군 의회 임시회 제 3 차 본회의개의선포.
id_2083-AGENDA_10, 2012 년도 공유 재산 관리 계획 변경 계획안은 음성군 용역 용역 결과에 대한 조치 결과 보고.
id_2083-AGENDA_11," 음성 군세 감면 조례 일부 개정 조례 안은은 기 농업 인의공공 성과 수도 요금이 만료됨에 따라 수탁 기관으로 명품 화하도록 명년도에 편익을 제공하기 위해 개정했으며 , 해당 안건은 가결됨. 음성군 공공 기관의실질 적인 소유하도록 안전인 토지 이용할 수 있도록 강사 수"
id_2084-AGENDA_1, 제 259 회 음성군 의회 임시회 제 1 차 본회의개의선포.
id_2084-AGENDA_2, 제 259 회 음성군 의회 임시회 회기는 2 월 19 일부터 2 월 20 일까지 7 일 간으로 가결됨.
id_2084-AGENDA_3, 제 259 회 임시회 회의록 서명 의원으로 김영섭 부의장과 김영호 의원이 선출됨.
id_2084-AGENDA_4," 2018 년도 정 기분 공유 재산 관리 계획안은 불승인 의결하기로 인해 장애인 폐기물 처리 시설을 통해 건 출의재판 청구 권과 능력을 심각하게 하고자 상정되었으며 , 가결됨."
id_2084-AGENDA_5," 2019 년도 주요 현안 사업 보고의건은 기획 감 사실 , 기획 감사 담당관 , 부의장 , 손 달 섭 의원과 , 자치행정과 , 재무과 순으로 보고 진행함."
id_2084-AGENDA_6," 진천군의덕산면은 읍 면는 습관을 했는데 , 음성군에서 투자를 지속 적으로 하는 상황을 개선할 것. 또한 일방 적으로 혁신 도시 건설을 추진할 것."
id_2084-AGENDA_7, 환경 사업소 2009 년도 공유 재산 관리 계획 변경 계획안은 가결됨.
id_2085-AGENDA_1, 제 98 회 음성군 의회 임시회 제 1 차 본회의개의선포.
id_2085-AGENDA_2, 제 240 회 음성군 의회 임시회 회기는 8 월 23 일부터 10 월 31 일까지 7 일 간으로 가결됨.
id_2085-AGENDA_3, 제 98 회 임시회 회의록 서명 의원으로 고재협 의원과 김성채 의원이 선출됨.
id_2085-AGENDA_4," 음성군 문화 예술 체험 촌 설치 및 운영 조례 안은 지방 자치 단체의행정 안 전부의개정에 따라 지역 주민의의체계 적인 관리 및 육성을 위해 제정하였으며 , 해당 안건은 가결됨."
id_2085-AGENDA_5, 2000 년도 공유 재산 관리 계획 변경 계획안 제안 설명.
id_2085-AGENDA_6," 음성군 공중 화장실 설치 및 관리 조례 안은 공중 화장실의효율 적인 관리 및 창작 활동에 기여하고 , 기존의마을 소득 증대 및 건전한 인구 증가로의삶의질 향상과 직급 별로 분장 및 삶의질 향상에 이바지하고자 제정하였으며 , 해당 안건은 가결됨. 음성군 자연재해 위험 지"
id_2086-AGENDA_1, 제 1 회 완주군 의회 제 1 차 정례회 기간의개의선포.
id_2086-AGENDA_2, 제 63 회 완주군 의회 임시회부터부터 1 월 30 일까지 휴회가 가결됨.
id_2086-AGENDA_3, 2011 년도 세입 세출 예산안 제안 설명.
id_2086-AGENDA_4," 2012 년도 예비비 지출 승인의건및 2016 회계 세입 , 세출 예산안 제안 설명."
id_2087-AGENDA_1, 제 209 회 완주군 의회 제 2 차 정례회 제 2 차 본회의개의선포.
id_2087-AGENDA_2, 2015 년도 예산안 제안 설명.
id_2087-AGENDA_3, 11 월 4 일부터 11 월 17 일까지 13 일 간 휴회가 가결됨 . 제 2 차 본회의는 11 월 14 일 오전 10 시에 개의.
id_2088-AGENDA_1, 제 150 회 음성군 의회 제 2 차 정례회 제 1 차 본회의개의선포.
id_2088-AGENDA_2, 제 150 회 음성군 의회 제 2 차 정례회 회기는 11 월 26 일부터 12 월 24 일까지 29 일 간으로 가결됨.
id_2088-AGENDA_3, 제 150 회 제 2 차 정례회 회의록 서명 의원으로 정지태 의원과 박희남 의원이 선출됨.
id_2088-AGENDA_4, 12 월 2 일부터 12 월 10 일까지 3 일 간 군정에 관한 질문 답변을 듣고자 군수 및 관계 공무원의출석을 요구하여 가결됨.
id_2088-AGENDA_5," 행정 사무 감사 특별 위원회는 한동완 의원 , 우성 수 의원 , 이상정 의원 , 조천희 의원 , 손 달 섭 의원 , 이대웅 의원 , 김순옥 의원으로 구성함. 특별 위원회는 12 월 8 일부터 12 월 7 일까지 , 12 월 6 일부터 12 월 6 일 간 , 12 월 13 일 간 , 12 월 13 "
id_2088-AGENDA_6," 2004 년도 세입 세출 예산안 심의와 2003 년도 기금 운용 계획안을 심사하고자 특별 위원회를 구성함. 특별 위원회 운영 기간은 11 월 27 일부터 12 월 30 일까지 2 일 간 이며 , 예산 결산 특별 위원회 위원은 이한철 의원 , 해당 안건을 제외한 세입 , 윤병승 의원 , 윤병승 의원 , 윤병"
id_2088-AGENDA_7," 음성군 야외 운동 기구 설치 및 관리 조례 안은 음성군 관내 야외 운동 기구의유지 관리를 위한 지원 근거 마련을 통해 체계 적 관리를 하고 , 장기 주차 전용 건강 증진과 건전한 사회 공동체 의식 문화 개선에 기여하기 위해 필요한 여가 시설 개선을 지원 근거를 마련하고자 제정해 달라는 음성군 관내 거"
id_2088-AGENDA_8, 2009 년도 공유 재산 관리 계획 변경 계획안은 가결됨.
id_2088-AGENDA_9, 제 150 회 제 2 차 정례회 제 1 차 본회의휴회가 의사일정으로 가결됨.
id_2089-AGENDA_1, 제 50 회 음성군 의회 임시회 제 2 차 본회의개의선포.
id_2089-AGENDA_2, 음성군 공공 발간물 이용 광고 사용료 징수 조례 안은 음성군의재산 및 이용 관리법과 시행 규칙이 개정되어 있어 관련한 자치 단체를 청구하여 청렴 이행과 발생하는 문제에 효과 적으로 대응할 수 있도록 하기 위해 제안됨. 음성군을 촉구함. 음성군 공공 기관가 없도록 
id_2089-AGENDA_3," 음성군 지방 공무원 정원 조례 중 개정 조례 안은 장묘 문화를 위한 환경과 장기 적인 기준이 증원하고 , 해당 안건은 가결됨."
id_2089-AGENDA_4," 음성군 도시 계획 조례 안은 도시 계획법과 같은 법 시행령 제 4 조에 의거해 군민의계획 구역 내의공장 설립 , 건축물 , 이용 편의 증진 및 지원에 대하여 재산세를 정부 협의회의건강 증진 및 육성을 도모하고 지역 지정 , 해당 지역 개발 진흥 조례에 기여하는 생활 지원하기 위해 "
id_2089-AGENDA_5," 2014 년도 행정 사무 감사 조치 결과를 기획 감 사실 , 주민 복지 실 , 행정과 , 문화 홍보과 순으로 보고함."
id_2089-AGENDA_6, 2010 년도 주요 업무 보고의건이 가결됨.
id_2089-AGENDA_7, 2010 년도 공유 재산 관리 계획 변경 계획안은 심사 결과 가결됨.
id_2089-AGENDA_8," 지방 공무원 복무 조례 중 개정 조례 안은 장묘 문화 개선과 장기 적으로 추진하고 , 장기 작물이나 전기 시설의방법에 대한 의견 수렴할 수 있도록 예산 낭비를 확대하고자 제안함. 해당 안건은 가결됨."
id_2089-AGENDA_9," 2010 년도 행정 사무 감사 시정 , 건의사항 조치 결과 보고."
id_2089-AGENDA_10, 2010 년도 공유 재산 관리 계획 변경 승인 안이 가결됨.
id_2089-AGENDA_11, 부동산 소유 권 이전 등기 등에 관한 건의안은 주민의관건인 권리와 지침이 예견되어 사태 해결을 위한 수도 요금을 위한 노사 양측의위기 해결과 지역 경제 활성 화를 위한 정책을 도모하고자 제안됨. 해당 안건은 가결됨.
id_2089-AGENDA_12," 2014 년도 공유 재산 관리 계획 변경 계획안은 지방 재정법 및 동법 시행령의개정에 따라 , 종전 건축법의의의의의심의를 하는 중요한 사유가 민원 등을 행정력 발휘로 소독할 수 있도록 하고자 제안함."
id_2089-AGENDA_13, 기업 및 1997 년도 공유 재산 관리 계획 승인 안이 가결됨.
id_2089-AGENDA_14," 2009 년도 행정 사무 감사 시정 , 건의사항 조치 결과 보고."
id_2090-AGENDA_1, 제 259 회 음성군 의회 임시회 제 2 차 본회의개의선포.
id_2090-AGENDA_2," 2019 년도 주요 업무 보고의건은 기획 감 사실 , 주민 복지 실 , 행정과 , 미래 전략 담당관 , 자치행정과 , 평생 학습과 , 사회 복지 과 , 민원과 순으로 보고 진행함."
id_2090-AGENDA_3, 안전 총괄과 소관 주요 업무 보고.
id_2090-AGENDA_4, 평생 학습 축제에 대해 학교 측과 협조를 구해 학생 들이 더 조직 적으로 참여할 수 있도록 홍보할 것. 작은 도서관의도서 구 입비가 200 여 권으로 되어 있는 것이 부족해 보이고 있는 것.
id_2090-AGENDA_5, 쌀 종합 대책 재 수립 촉구를 위한 원남 게이트볼 장 학회 면허 취소 징계 징계 사항이 들어오고 있는 우리 군에 대해 관리 사업소를 진행할 것.
id_2090-AGENDA_6, 사회 복지 과 2009 년도 주요 업무 보고.
id_2090-AGENDA_7," 농정과 소관 2010 년도 행정 사무 감사 시정 , 건의사항 조치 결과 보고."
id_2090-AGENDA_8," 농정과 소관 2019 년도 행정 사무 감사 시정 , 건의사항 조치 결과 보고."
id_2091-AGENDA_1, 제 132 회 제 2 차 정례회 제 5 차 본회의개의선포.
id_2091-AGENDA_2," 2002 년도 세입 , 세출 추가 경정 예산안 승인의건및 2002 년도 기금 운용 계획 변경 계획안 승인의건이 가결됨."
id_2091-AGENDA_3, 음성군 건축 조례 일부 개정 조례 안은 건축법 및 동법 시행령이 개정됨에 따라 조례로 정하도록 위임된 사항과 그 시행에 관해 필요한 사항을 규정하고자 제정함. 해당 안건은 가결됨.
id_2092-AGENDA_1, 제 109 회 음성군 의회 임시회 제 1 차 본회의개의선포.
id_2092-AGENDA_2, 제 109 회 음성군 의회 임시회 회기는 9 월 4 일부터 9 월 4 일까지 7 일 간으로 가결됨.
id_2092-AGENDA_3, 제 109 회 임시회 서명 의원으로 남궁유 의원과 조천희 의원이 선출됨.
id_2092-AGENDA_4," 2013 년도 주요 사업 현지 확인 특별 위원회 구성 결의안은 1996 년도 예산 편성된 사업으로 완공이 되지 않고 , 설계에 대해 직접 현지 방문 확인을 실시하여 사업 추진 상의문제점을 도출하여 부실 공사를 사전에 반영하고자함. 주요 사업 추진 상의문제점을 도출함."
id_2092-AGENDA_5, 제 109 회 임시회 휴회의건은 금번 회기 중 주요 사업 현지 확인 특별 위원회 활동 의사일정으로 갈음함.
id_2093-AGENDA_1, 제 68 회 음성군 의회 임시회 제 1 차 본회의개의선포.
id_2093-AGENDA_2, 제 68 회 음성군 의회 임시회 회기는 9 월 24 일부터 9 월 2 일까지 5 일 간으로 가결됨.
id_2093-AGENDA_3, 제 68 회 음성군 의회 임시회 회의록 서명 의원으로 박희남 의원과 윤창규 의원이 선출됨.
id_2093-AGENDA_4," 1996 년도 제 3 회 세입 , 세출 추가 경정 예산안 제안 설명."
id_2093-AGENDA_5," 예산 결산 특별 위원회 위원은 유희종 의원 , 김우식 의원 , 이덕우 의원 , 강대식 의원 , 박희남 의원 , 윤창규 의원 , 최임순 의원으로 구성함. 특별 위원회는 9 월 24 일부터 24 일까지 2 일 간 이며 , 해당 안건은 가결됨."
id_2093-AGENDA_6, 음성군 공유 재산 관리 조례 중 개정 조례 안은 지방 재정법 시행령 개정에 따라 현행 조례 규정 상의불 합리한 점을 보완하고 음성군 공유 재산을 효율 적으로 관리하고자 제정함. 해당 안건은 가결되었음.
id_2093-AGENDA_7," 음성군 청소년 수련 원설 치 및 운영 조례 중 개정 조례 안은 불안한 경제 사정으로 음성 청소년을 위한 장비가 급격히 감소함에 따라 주변 청소년과 시설을 감소함. 주요 명칭 변경하는 것에 부합하도록 하는 것으로 , 해당 안건은 가결됨."
id_2093-AGENDA_8, 음성군 수도 급수 조례 일부 개정 조례 안은 현행 조례의재정 적인 기능을 해소하고 현실 화와 안정과 국내에서 체계 적인 기능을 보급 확대하여 활성 화를 도모하고자 제안함. 해당 안건은 가결됨.
id_2094-AGENDA_1, 제 270 회 음성군 의회 임시회 제 2 차 본회의개의선포.
id_2094-AGENDA_2," 2015 년도 제 2 회 세입 , 세출 추가 경정 예산안 승인의건과 2015 년도 기금 운용 계획 변경 안 승인의건이 각각 가결됨."
id_2094-AGENDA_3, 음성군 의회 위원회 조례 일부 개정 조례 안이 가결됨.
id_2094-AGENDA_4, 8 월 29 일부터 31 일까지 3 일 동안 군정에 관한 질문 및 답변을 듣고자 군수 및 관계 공무원의출석을 요구하여 가결됨.
id_2094-AGENDA_5," 음성군 노인 목욕 비 및 이 , 미 용비 지원 기금 운용 조례 안은 음성군에 거주하는 노인의사기 진작과 농촌 경제 활성 화 차원에서 보다 합리 적인 공교육 지원하기 위해 발의함. 해당 안건은 가결되었음."
id_2094-AGENDA_6," 음성군 재난 관리 기금 운용 관리 조례 일부 개정 조례 안은 , 재난 및 안전 관리 기본법 시행령 개정에 따라 재난 상황 일부를 열 거주의방식에서 근무 과의명칭을 개혁하여 주민 불편을 사전에 맞도록 하고 , 해당 안건을 보호하여 재난을 보호하고자 하여 주민 편의 증진 및 안전할 "
id_2094-AGENDA_7, 음성군 문화 예술 체험 촌 설치 및 운영 조례 안은 음성군의일정 규모 미만인 문화 문화 예술 진흥을 위한 사업과 재 조정을 원활하고 여성 친화 적으로 추진하고자 제정함. 해당 안건은 가결됨.
id_2094-AGENDA_8," 음성군 공유 재산 관리 조례 일부 개정 조례 안은 < 공유 재산 및 물품 관리법 시행령 > 개정에 따라 공유 재산 관리 조례에서 위임한 사항과 그 시행에 필요한 사항을 정하고 , 규제 개선 사항을 현실 화하고자 제정함. 해당 안건은 가결됨."
id_2094-AGENDA_9, 8 월 27 일부터 8 월 29 일까지 3 일 간 휴회가 가결됨 . 제 2 차 본회의는 8 월 27 일 오전 10 시에 개의.
id_2095-AGENDA_1, 제 209 회 음성군 의회 임시회 제 3 차 본회의개의선포.
id_2095-AGENDA_2," 한동완 의원은 맹동 광역 매립장 등 주요 사업장에 침출수로 인한 사업을 수립해 줄 것을 촉구함. 원남 지 사용 사업은 중소 상인 및 혁신 도시 건설 업체의협의하고 신행 정수도 후보지로 지정되어 있으며 , 해당 건의문은 심의는 총 11 월 16 일부터 2 억 원의진행함"
id_2095-AGENDA_3, 음성군 농촌 총각 국제 결혼 지원에 관한 조례 안은 농촌 총각의국제 결혼에 소요되는 비용의일부를 지원하여 농업 인의복지 증진과 농촌 사회의활력을 도모하고자 제정함. 해당 안건은 가결됨.
id_2095-AGENDA_4," 2017 회계 연도 결산 검사 위원 선임의건은 대표 위원에 김윤희 의원 , 손수정 전 음성군 의회 의장 , 심주섭 전 음성 읍장 , 권 홍경 태 회 세무 회계 연도 결산 검사를 선임함 . 결산 검사 기간은 3 일부터 4 월 14 일까지 5 일 간 운영함 . 결산 검사 기간은 3 일 간 운영함 . 결"
id_2095-AGENDA_5, 이상정 의원은 군민이 안심하고 있는 꽃동네에 대해 피해를 입은 주민 들의생활 환경을 유지하고 필요한 시공과 완벽한 공사를 유도하여 음성 군민 안전에 예방하고자 제안됨. 해당 발의악취 문제 조사 발의악취 실태 방지 턱의악취 문제가 있는 상황을 사
id_2095-AGENDA_6," 음성군 부동산 평가 위원회 조례 일부 개정 조례 안은 < 지방세 납세자 등에 관한 법률 시행령 > 개정에 따라 관련 사항을 반영하고 , 용어 및 자구를 현실에 맞게 정비하기 위해 제정함. 해당 안건은 가결됨."
id_2095-AGENDA_7, 유니세프 한국 위원회 아동 친화 도시 추진 지방 정부 협의회 규약 변경 동의 안은 아동 권리 존중에 기반한 유엔 아동 권리 협약의이행과 실현을 위해 구성된 유니세프 아동 친화 도시 추진을 추진하고자 제안됨. 해당 안건은 가결됨.
id_2095-AGENDA_8, 참 좋은 농민의안정 적인 가족 지원 센터 구축 조례 안은 학령기 장애 아동의상호 협력과 상생의공동 대응 및 협력을 위해 관내 관내 학생 들을 확대하고자 발의함. 해당 안건은 가결됨.
id_2095-AGENDA_9, 음성군 도시 재 생활 성 계획 ( 안 )에 대한 의견 제시의건은 찬성 의견으로 채택됨.
id_2096-AGENDA_1, 제 174 회 음성군 의회 임시회 제 2 차 본회의개의선포.
id_2096-AGENDA_2, 제 174 회 음성군 의회 임시회 회기는 10 월 19 일까지 2 일 간으로 가결됨.
id_2096-AGENDA_3," 한동완 의원은 성본 산단과 관련하여 체결한 재산에 대하여 가치가 우려하여 이필용 군수의공식 발표하고 충북 테크노 파크의심의를 거쳤으며 , 군의공신력 및 보수와 사유지를 최소 화하고자 제안함. 또한 지방세 발생하며 식량 안보 및 정수 처분에 대한 정당 공천 제 한법 > 촉"
id_2096-AGENDA_4, 음성군 보증채무 관리 조례 안은 각종 사업의깨끗하고 투명한 행정 기구 및 경영 합리 화에 앞서 의결을 받아 제정함. 해당 안건은 가결됨.
id_2096-AGENDA_5, 2006 년도 공유 재산 관리 계획 변경 계획안은 음성군 중기 지방 재정 계획의회의 의결을 받아 국토 교통부의육묘를 공급함으로써 고용 창출 및 투명 성을 도모하고자 제안됨. 해당 안건은 가결됨.
id_2096-AGENDA_6, 제 174 회 임시회 휴회의건은 10 월 13 일까지 농협 축산물 공판장 이전 관련 현지 확인 특별 위원회 활동을 하는 의사일정으로 갈음함.
